iter,attempt,entry_params,exit_params,trades,final_equity,total_return_%,max_drawdown_%,win_rate_%,profit_factor,avg_R,avg_profit_per_trade,favourable
1,1,"[{'max_rr': 10.0, 'min_rr': 1.0, 'atr_dist_for_liq_generation': 1.4, 'liq_move_away_atr': 1.0}]",{'hold_bars': 1},0,100000.0,0.0,0.0,,,,,False
2,2,"[{'max_rr': 10.0, 'min_rr': 1.0, 'atr_dist_for_liq_generation': 1.4, 'liq_move_away_atr': 1.0}]",{'hold_bars': 2},0,100000.0,0.0,0.0,,,,,False
3,3,"[{'max_rr': 10.0, 'min_rr': 1.0, 'atr_dist_for_liq_generation': 1.4, 'liq_move_away_atr': 1.0}]",{'hold_bars': 3},0,100000.0,0.0,0.0,,,,,False
4,4,"[{'max_rr': 10.0, 'min_rr': 1.0, 'atr_dist_for_liq_generation': 1.4, 'liq_move_away_atr': 1.0}]",{'hold_bars': 4},0,100000.0,0.0,0.0,,,,,False
5,5,"[{'max_rr': 10.0, 'min_rr': 1.0, 'atr_dist_for_liq_generation': 1.4, 'liq_move_away_atr': 1.0}]",{'hold_bars': 5},0,100000.0,0.0,0.0,,,,,False
6,6,"[{'max_rr': 10.0, 'min_rr': 1.0, 'atr_dist_for_liq_generation': 1.4, 'liq_move_away_atr': 1.5}]",{'hold_bars': 1},0,100000.0,0.0,0.0,,,,,False
7,7,"[{'max_rr': 10.0, 'min_rr': 1.0, 'atr_dist_for_liq_generation': 1.4, 'liq_move_away_atr': 1.5}]",{'hold_bars': 2},0,100000.0,0.0,0.0,,,,,False
8,8,"[{'max_rr': 10.0, 'min_rr': 1.0, 'atr_dist_for_liq_generation': 1.4, 'liq_move_away_atr': 1.5}]",{'hold_bars': 3},0,100000.0,0.0,0.0,,,,,False
9,9,"[{'max_rr': 10.0, 'min_rr': 1.0, 'atr_dist_for_liq_generation': 1.4, 'liq_move_away_atr': 1.5}]",{'hold_bars': 4},0,100000.0,0.0,0.0,,,,,False
10,10,"[{'max_rr': 10.0, 'min_rr': 1.0, 'atr_dist_for_liq_generation': 1.4, 'liq_move_away_atr': 1.5}]",{'hold_bars': 5},0,100000.0,0.0,0.0,,,,,False
11,11,"[{'max_rr': 10.0, 'min_rr': 1.0, 'atr_dist_for_liq_generation': 1.4, 'liq_move_away_atr': 2.0}]",{'hold_bars': 1},0,100000.0,0.0,0.0,,,,,False
12,12,"[{'max_rr': 10.0, 'min_rr': 1.0, 'atr_dist_for_liq_generation': 1.4, 'liq_move_away_atr': 2.0}]",{'hold_bars': 2},0,100000.0,0.0,0.0,,,,,False
13,13,"[{'max_rr': 10.0, 'min_rr': 1.0, 'atr_dist_for_liq_generation': 1.4, 'liq_move_away_atr': 2.0}]",{'hold_bars': 3},0,100000.0,0.0,0.0,,,,,False
14,14,"[{'max_rr': 10.0, 'min_rr': 1.0, 'atr_dist_for_liq_generation': 1.4, 'liq_move_away_atr': 2.0}]",{'hold_bars': 4},0,100000.0,0.0,0.0,,,,,False
15,15,"[{'max_rr': 10.0, 'min_rr': 1.0, 'atr_dist_for_liq_generation': 1.4, 'liq_move_away_atr': 2.0}]",{'hold_bars': 5},0,100000.0,0.0,0.0,,,,,False
16,16,"[{'max_rr': 10.0, 'min_rr': 1.0, 'atr_dist_for_liq_generation': 1.4, 'liq_move_away_atr': 2.5}]",{'hold_bars': 1},0,100000.0,0.0,0.0,,,,,False
17,17,"[{'max_rr': 10.0, 'min_rr': 1.0, 'atr_dist_for_liq_generation': 1.4, 'liq_move_away_atr': 2.5}]",{'hold_bars': 2},0,100000.0,0.0,0.0,,,,,False
18,18,"[{'max_rr': 10.0, 'min_rr': 1.0, 'atr_dist_for_liq_generation': 1.4, 'liq_move_away_atr': 2.5}]",{'hold_bars': 3},0,100000.0,0.0,0.0,,,,,False
19,19,"[{'max_rr': 10.0, 'min_rr': 1.0, 'atr_dist_for_liq_generation': 1.4, 'liq_move_away_atr': 2.5}]",{'hold_bars': 4},0,100000.0,0.0,0.0,,,,,False
20,20,"[{'max_rr': 10.0, 'min_rr': 1.0, 'atr_dist_for_liq_generation': 1.4, 'liq_move_away_atr': 2.5}]",{'hold_bars': 5},0,100000.0,0.0,0.0,,,,,False
21,21,"[{'max_rr': 10.0, 'min_rr': 1.0, 'atr_dist_for_liq_generation': 1.4, 'liq_move_away_atr': 3.0}]",{'hold_bars': 1},0,100000.0,0.0,0.0,,,,,False
22,22,"[{'max_rr': 10.0, 'min_rr': 1.0, 'atr_dist_for_liq_generation': 1.4, 'liq_move_away_atr': 3.0}]",{'hold_bars': 2},0,100000.0,0.0,0.0,,,,,False
23,23,"[{'max_rr': 10.0, 'min_rr': 1.0, 'atr_dist_for_liq_generation': 1.4, 'liq_move_away_atr': 3.0}]",{'hold_bars': 3},0,100000.0,0.0,0.0,,,,,False
24,24,"[{'max_rr': 10.0, 'min_rr': 1.0, 'atr_dist_for_liq_generation': 1.4, 'liq_move_away_atr': 3.0}]",{'hold_bars': 4},0,100000.0,0.0,0.0,,,,,False
25,25,"[{'max_rr': 10.0, 'min_rr': 1.0, 'atr_dist_for_liq_generation': 1.4, 'liq_move_away_atr': 3.0}]",{'hold_bars': 5},0,100000.0,0.0,0.0,,,,,False
26,26,"[{'max_rr': 10.0, 'min_rr': 1.0, 'atr_dist_for_liq_generation': 1.4, 'liq_move_away_atr': 3.5}]",{'hold_bars': 1},0,100000.0,0.0,0.0,,,,,False
27,27,"[{'max_rr': 10.0, 'min_rr': 1.0, 'atr_dist_for_liq_generation': 1.4, 'liq_move_away_atr': 3.5}]",{'hold_bars': 2},0,100000.0,0.0,0.0,,,,,False
28,28,"[{'max_rr': 10.0, 'min_rr': 1.0, 'atr_dist_for_liq_generation': 1.4, 'liq_move_away_atr': 3.5}]",{'hold_bars': 3},0,100000.0,0.0,0.0,,,,,False
29,29,"[{'max_rr': 10.0, 'min_rr': 1.0, 'atr_dist_for_liq_generation': 1.4, 'liq_move_away_atr': 3.5}]",{'hold_bars': 4},0,100000.0,0.0,0.0,,,,,False
30,30,"[{'max_rr': 10.0, 'min_rr': 1.0, 'atr_dist_for_liq_generation': 1.4, 'liq_move_away_atr': 3.5}]",{'hold_bars': 5},0,100000.0,0.0,0.0,,,,,False
31,31,"[{'max_rr': 10.0, 'min_rr': 1.0, 'atr_dist_for_liq_generation': 1.4, 'liq_move_away_atr': 4.0}]",{'hold_bars': 1},0,100000.0,0.0,0.0,,,,,False
32,32,"[{'max_rr': 10.0, 'min_rr': 1.0, 'atr_dist_for_liq_generation': 1.4, 'liq_move_away_atr': 4.0}]",{'hold_bars': 2},0,100000.0,0.0,0.0,,,,,False
33,33,"[{'max_rr': 10.0, 'min_rr': 1.0, 'atr_dist_for_liq_generation': 1.4, 'liq_move_away_atr': 4.0}]",{'hold_bars': 3},0,100000.0,0.0,0.0,,,,,False
34,34,"[{'max_rr': 10.0, 'min_rr': 1.0, 'atr_dist_for_liq_generation': 1.4, 'liq_move_away_atr': 4.0}]",{'hold_bars': 4},0,100000.0,0.0,0.0,,,,,False
35,35,"[{'max_rr': 10.0, 'min_rr': 1.0, 'atr_dist_for_liq_generation': 1.4, 'liq_move_away_atr': 4.0}]",{'hold_bars': 5},0,100000.0,0.0,0.0,,,,,False
36,36,"[{'max_rr': 10.0, 'min_rr': 1.0, 'atr_dist_for_liq_generation': 1.4, 'liq_move_away_atr': 4.5}]",{'hold_bars': 1},0,100000.0,0.0,0.0,,,,,False
37,37,"[{'max_rr': 10.0, 'min_rr': 1.0, 'atr_dist_for_liq_generation': 1.4, 'liq_move_away_atr': 4.5}]",{'hold_bars': 2},0,100000.0,0.0,0.0,,,,,False
38,38,"[{'max_rr': 10.0, 'min_rr': 1.0, 'atr_dist_for_liq_generation': 1.4, 'liq_move_away_atr': 4.5}]",{'hold_bars': 3},0,100000.0,0.0,0.0,,,,,False
39,39,"[{'max_rr': 10.0, 'min_rr': 1.0, 'atr_dist_for_liq_generation': 1.4, 'liq_move_away_atr': 4.5}]",{'hold_bars': 4},0,100000.0,0.0,0.0,,,,,False
40,40,"[{'max_rr': 10.0, 'min_rr': 1.0, 'atr_dist_for_liq_generation': 1.4, 'liq_move_away_atr': 4.5}]",{'hold_bars': 5},0,100000.0,0.0,0.0,,,,,False
41,41,"[{'max_rr': 10.0, 'min_rr': 1.0, 'atr_dist_for_liq_generation': 1.4, 'liq_move_away_atr': 5.0}]",{'hold_bars': 1},0,100000.0,0.0,0.0,,,,,False
42,42,"[{'max_rr': 10.0, 'min_rr': 1.0, 'atr_dist_for_liq_generation': 1.4, 'liq_move_away_atr': 5.0}]",{'hold_bars': 2},0,100000.0,0.0,0.0,,,,,False
43,43,"[{'max_rr': 10.0, 'min_rr': 1.0, 'atr_dist_for_liq_generation': 1.4, 'liq_move_away_atr': 5.0}]",{'hold_bars': 3},0,100000.0,0.0,0.0,,,,,False
44,44,"[{'max_rr': 10.0, 'min_rr': 1.0, 'atr_dist_for_liq_generation': 1.4, 'liq_move_away_atr': 5.0}]",{'hold_bars': 4},0,100000.0,0.0,0.0,,,,,False
45,45,"[{'max_rr': 10.0, 'min_rr': 1.0, 'atr_dist_for_liq_generation': 1.4, 'liq_move_away_atr': 5.0}]",{'hold_bars': 5},0,100000.0,0.0,0.0,,,,,False
46,46,"[{'max_rr': 10.0, 'min_rr': 1.0, 'atr_dist_for_liq_generation': 1.4, 'liq_move_away_atr': 5.5}]",{'hold_bars': 1},0,100000.0,0.0,0.0,,,,,False
47,47,"[{'max_rr': 10.0, 'min_rr': 1.0, 'atr_dist_for_liq_generation': 1.4, 'liq_move_away_atr': 5.5}]",{'hold_bars': 2},0,100000.0,0.0,0.0,,,,,False
48,48,"[{'max_rr': 10.0, 'min_rr': 1.0, 'atr_dist_for_liq_generation': 1.4, 'liq_move_away_atr': 5.5}]",{'hold_bars': 3},0,100000.0,0.0,0.0,,,,,False
49,49,"[{'max_rr': 10.0, 'min_rr': 1.0, 'atr_dist_for_liq_generation': 1.4, 'liq_move_away_atr': 5.5}]",{'hold_bars': 4},0,100000.0,0.0,0.0,,,,,False
50,50,"[{'max_rr': 10.0, 'min_rr': 1.0, 'atr_dist_for_liq_generation': 1.4, 'liq_move_away_atr': 5.5}]",{'hold_bars': 5},0,100000.0,0.0,0.0,,,,,False
51,51,"[{'max_rr': 10.0, 'min_rr': 1.0, 'atr_dist_for_liq_generation': 1.6, 'liq_move_away_atr': 1.0}]",{'hold_bars': 1},0,100000.0,0.0,0.0,,,,,False
52,52,"[{'max_rr': 10.0, 'min_rr': 1.0, 'atr_dist_for_liq_generation': 1.6, 'liq_move_away_atr': 1.0}]",{'hold_bars': 2},0,100000.0,0.0,0.0,,,,,False
53,53,"[{'max_rr': 10.0, 'min_rr': 1.0, 'atr_dist_for_liq_generation': 1.6, 'liq_move_away_atr': 1.0}]",{'hold_bars': 3},0,100000.0,0.0,0.0,,,,,False
54,54,"[{'max_rr': 10.0, 'min_rr': 1.0, 'atr_dist_for_liq_generation': 1.6, 'liq_move_away_atr': 1.0}]",{'hold_bars': 4},0,100000.0,0.0,0.0,,,,,False
55,55,"[{'max_rr': 10.0, 'min_rr': 1.0, 'atr_dist_for_liq_generation': 1.6, 'liq_move_away_atr': 1.0}]",{'hold_bars': 5},0,100000.0,0.0,0.0,,,,,False
56,56,"[{'max_rr': 10.0, 'min_rr': 1.0, 'atr_dist_for_liq_generation': 1.6, 'liq_move_away_atr': 1.5}]",{'hold_bars': 1},0,100000.0,0.0,0.0,,,,,False
57,57,"[{'max_rr': 10.0, 'min_rr': 1.0, 'atr_dist_for_liq_generation': 1.6, 'liq_move_away_atr': 1.5}]",{'hold_bars': 2},0,100000.0,0.0,0.0,,,,,False
58,58,"[{'max_rr': 10.0, 'min_rr': 1.0, 'atr_dist_for_liq_generation': 1.6, 'liq_move_away_atr': 1.5}]",{'hold_bars': 3},0,100000.0,0.0,0.0,,,,,False
59,59,"[{'max_rr': 10.0, 'min_rr': 1.0, 'atr_dist_for_liq_generation': 1.6, 'liq_move_away_atr': 1.5}]",{'hold_bars': 4},0,100000.0,0.0,0.0,,,,,False
60,60,"[{'max_rr': 10.0, 'min_rr': 1.0, 'atr_dist_for_liq_generation': 1.6, 'liq_move_away_atr': 1.5}]",{'hold_bars': 5},0,100000.0,0.0,0.0,,,,,False
61,61,"[{'max_rr': 10.0, 'min_rr': 1.0, 'atr_dist_for_liq_generation': 1.6, 'liq_move_away_atr': 2.0}]",{'hold_bars': 1},0,100000.0,0.0,0.0,,,,,False
62,62,"[{'max_rr': 10.0, 'min_rr': 1.0, 'atr_dist_for_liq_generation': 1.6, 'liq_move_away_atr': 2.0}]",{'hold_bars': 2},0,100000.0,0.0,0.0,,,,,False
63,63,"[{'max_rr': 10.0, 'min_rr': 1.0, 'atr_dist_for_liq_generation': 1.6, 'liq_move_away_atr': 2.0}]",{'hold_bars': 3},0,100000.0,0.0,0.0,,,,,False
64,64,"[{'max_rr': 10.0, 'min_rr': 1.0, 'atr_dist_for_liq_generation': 1.6, 'liq_move_away_atr': 2.0}]",{'hold_bars': 4},0,100000.0,0.0,0.0,,,,,False
65,65,"[{'max_rr': 10.0, 'min_rr': 1.0, 'atr_dist_for_liq_generation': 1.6, 'liq_move_away_atr': 2.0}]",{'hold_bars': 5},0,100000.0,0.0,0.0,,,,,False
66,66,"[{'max_rr': 10.0, 'min_rr': 1.0, 'atr_dist_for_liq_generation': 1.6, 'liq_move_away_atr': 2.5}]",{'hold_bars': 1},0,100000.0,0.0,0.0,,,,,False
67,67,"[{'max_rr': 10.0, 'min_rr': 1.0, 'atr_dist_for_liq_generation': 1.6, 'liq_move_away_atr': 2.5}]",{'hold_bars': 2},0,100000.0,0.0,0.0,,,,,False
68,68,"[{'max_rr': 10.0, 'min_rr': 1.0, 'atr_dist_for_liq_generation': 1.6, 'liq_move_away_atr': 2.5}]",{'hold_bars': 3},0,100000.0,0.0,0.0,,,,,False
69,69,"[{'max_rr': 10.0, 'min_rr': 1.0, 'atr_dist_for_liq_generation': 1.6, 'liq_move_away_atr': 2.5}]",{'hold_bars': 4},0,100000.0,0.0,0.0,,,,,False
70,70,"[{'max_rr': 10.0, 'min_rr': 1.0, 'atr_dist_for_liq_generation': 1.6, 'liq_move_away_atr': 2.5}]",{'hold_bars': 5},0,100000.0,0.0,0.0,,,,,False
71,71,"[{'max_rr': 10.0, 'min_rr': 1.0, 'atr_dist_for_liq_generation': 1.6, 'liq_move_away_atr': 3.0}]",{'hold_bars': 1},0,100000.0,0.0,0.0,,,,,False
72,72,"[{'max_rr': 10.0, 'min_rr': 1.0, 'atr_dist_for_liq_generation': 1.6, 'liq_move_away_atr': 3.0}]",{'hold_bars': 2},0,100000.0,0.0,0.0,,,,,False
73,73,"[{'max_rr': 10.0, 'min_rr': 1.0, 'atr_dist_for_liq_generation': 1.6, 'liq_move_away_atr': 3.0}]",{'hold_bars': 3},0,100000.0,0.0,0.0,,,,,False
74,74,"[{'max_rr': 10.0, 'min_rr': 1.0, 'atr_dist_for_liq_generation': 1.6, 'liq_move_away_atr': 3.0}]",{'hold_bars': 4},0,100000.0,0.0,0.0,,,,,False
75,75,"[{'max_rr': 10.0, 'min_rr': 1.0, 'atr_dist_for_liq_generation': 1.6, 'liq_move_away_atr': 3.0}]",{'hold_bars': 5},0,100000.0,0.0,0.0,,,,,False
76,76,"[{'max_rr': 10.0, 'min_rr': 1.0, 'atr_dist_for_liq_generation': 1.6, 'liq_move_away_atr': 3.5}]",{'hold_bars': 1},0,100000.0,0.0,0.0,,,,,False
77,77,"[{'max_rr': 10.0, 'min_rr': 1.0, 'atr_dist_for_liq_generation': 1.6, 'liq_move_away_atr': 3.5}]",{'hold_bars': 2},0,100000.0,0.0,0.0,,,,,False
78,78,"[{'max_rr': 10.0, 'min_rr': 1.0, 'atr_dist_for_liq_generation': 1.6, 'liq_move_away_atr': 3.5}]",{'hold_bars': 3},0,100000.0,0.0,0.0,,,,,False
79,79,"[{'max_rr': 10.0, 'min_rr': 1.0, 'atr_dist_for_liq_generation': 1.6, 'liq_move_away_atr': 3.5}]",{'hold_bars': 4},0,100000.0,0.0,0.0,,,,,False
80,80,"[{'max_rr': 10.0, 'min_rr': 1.0, 'atr_dist_for_liq_generation': 1.6, 'liq_move_away_atr': 3.5}]",{'hold_bars': 5},0,100000.0,0.0,0.0,,,,,False
81,81,"[{'max_rr': 10.0, 'min_rr': 1.0, 'atr_dist_for_liq_generation': 1.6, 'liq_move_away_atr': 4.0}]",{'hold_bars': 1},0,100000.0,0.0,0.0,,,,,False
82,82,"[{'max_rr': 10.0, 'min_rr': 1.0, 'atr_dist_for_liq_generation': 1.6, 'liq_move_away_atr': 4.0}]",{'hold_bars': 2},0,100000.0,0.0,0.0,,,,,False
83,83,"[{'max_rr': 10.0, 'min_rr': 1.0, 'atr_dist_for_liq_generation': 1.6, 'liq_move_away_atr': 4.0}]",{'hold_bars': 3},0,100000.0,0.0,0.0,,,,,False
84,84,"[{'max_rr': 10.0, 'min_rr': 1.0, 'atr_dist_for_liq_generation': 1.6, 'liq_move_away_atr': 4.0}]",{'hold_bars': 4},0,100000.0,0.0,0.0,,,,,False
85,85,"[{'max_rr': 10.0, 'min_rr': 1.0, 'atr_dist_for_liq_generation': 1.6, 'liq_move_away_atr': 4.0}]",{'hold_bars': 5},0,100000.0,0.0,0.0,,,,,False
86,86,"[{'max_rr': 10.0, 'min_rr': 1.0, 'atr_dist_for_liq_generation': 1.6, 'liq_move_away_atr': 4.5}]",{'hold_bars': 1},0,100000.0,0.0,0.0,,,,,False
87,87,"[{'max_rr': 10.0, 'min_rr': 1.0, 'atr_dist_for_liq_generation': 1.6, 'liq_move_away_atr': 4.5}]",{'hold_bars': 2},0,100000.0,0.0,0.0,,,,,False
88,88,"[{'max_rr': 10.0, 'min_rr': 1.0, 'atr_dist_for_liq_generation': 1.6, 'liq_move_away_atr': 4.5}]",{'hold_bars': 3},0,100000.0,0.0,0.0,,,,,False
89,89,"[{'max_rr': 10.0, 'min_rr': 1.0, 'atr_dist_for_liq_generation': 1.6, 'liq_move_away_atr': 4.5}]",{'hold_bars': 4},0,100000.0,0.0,0.0,,,,,False
90,90,"[{'max_rr': 10.0, 'min_rr': 1.0, 'atr_dist_for_liq_generation': 1.6, 'liq_move_away_atr': 4.5}]",{'hold_bars': 5},0,100000.0,0.0,0.0,,,,,False
91,91,"[{'max_rr': 10.0, 'min_rr': 1.0, 'atr_dist_for_liq_generation': 1.6, 'liq_move_away_atr': 5.0}]",{'hold_bars': 1},0,100000.0,0.0,0.0,,,,,False
92,92,"[{'max_rr': 10.0, 'min_rr': 1.0, 'atr_dist_for_liq_generation': 1.6, 'liq_move_away_atr': 5.0}]",{'hold_bars': 2},0,100000.0,0.0,0.0,,,,,False
93,93,"[{'max_rr': 10.0, 'min_rr': 1.0, 'atr_dist_for_liq_generation': 1.6, 'liq_move_away_atr': 5.0}]",{'hold_bars': 3},0,100000.0,0.0,0.0,,,,,False
94,94,"[{'max_rr': 10.0, 'min_rr': 1.0, 'atr_dist_for_liq_generation': 1.6, 'liq_move_away_atr': 5.0}]",{'hold_bars': 4},0,100000.0,0.0,0.0,,,,,False
95,95,"[{'max_rr': 10.0, 'min_rr': 1.0, 'atr_dist_for_liq_generation': 1.6, 'liq_move_away_atr': 5.0}]",{'hold_bars': 5},0,100000.0,0.0,0.0,,,,,False
96,96,"[{'max_rr': 10.0, 'min_rr': 1.0, 'atr_dist_for_liq_generation': 1.6, 'liq_move_away_atr': 5.5}]",{'hold_bars': 1},0,100000.0,0.0,0.0,,,,,False
97,97,"[{'max_rr': 10.0, 'min_rr': 1.0, 'atr_dist_for_liq_generation': 1.6, 'liq_move_away_atr': 5.5}]",{'hold_bars': 2},0,100000.0,0.0,0.0,,,,,False
98,98,"[{'max_rr': 10.0, 'min_rr': 1.0, 'atr_dist_for_liq_generation': 1.6, 'liq_move_away_atr': 5.5}]",{'hold_bars': 3},0,100000.0,0.0,0.0,,,,,False
99,99,"[{'max_rr': 10.0, 'min_rr': 1.0, 'atr_dist_for_liq_generation': 1.6, 'liq_move_away_atr': 5.5}]",{'hold_bars': 4},0,100000.0,0.0,0.0,,,,,False
100,100,"[{'max_rr': 10.0, 'min_rr': 1.0, 'atr_dist_for_liq_generation': 1.6, 'liq_move_away_atr': 5.5}]",{'hold_bars': 5},0,100000.0,0.0,0.0,,,,,False
101,101,"[{'max_rr': 10.0, 'min_rr': 1.0, 'atr_dist_for_liq_generation': 1.8, 'liq_move_away_atr': 1.0}]",{'hold_bars': 1},0,100000.0,0.0,0.0,,,,,False
102,102,"[{'max_rr': 10.0, 'min_rr': 1.0, 'atr_dist_for_liq_generation': 1.8, 'liq_move_away_atr': 1.0}]",{'hold_bars': 2},0,100000.0,0.0,0.0,,,,,False
103,103,"[{'max_rr': 10.0, 'min_rr': 1.0, 'atr_dist_for_liq_generation': 1.8, 'liq_move_away_atr': 1.0}]",{'hold_bars': 3},0,100000.0,0.0,0.0,,,,,False
104,104,"[{'max_rr': 10.0, 'min_rr': 1.0, 'atr_dist_for_liq_generation': 1.8, 'liq_move_away_atr': 1.0}]",{'hold_bars': 4},0,100000.0,0.0,0.0,,,,,False
105,105,"[{'max_rr': 10.0, 'min_rr': 1.0, 'atr_dist_for_liq_generation': 1.8, 'liq_move_away_atr': 1.0}]",{'hold_bars': 5},0,100000.0,0.0,0.0,,,,,False
106,106,"[{'max_rr': 10.0, 'min_rr': 1.0, 'atr_dist_for_liq_generation': 1.8, 'liq_move_away_atr': 1.5}]",{'hold_bars': 1},0,100000.0,0.0,0.0,,,,,False
107,107,"[{'max_rr': 10.0, 'min_rr': 1.0, 'atr_dist_for_liq_generation': 1.8, 'liq_move_away_atr': 1.5}]",{'hold_bars': 2},0,100000.0,0.0,0.0,,,,,False
108,108,"[{'max_rr': 10.0, 'min_rr': 1.0, 'atr_dist_for_liq_generation': 1.8, 'liq_move_away_atr': 1.5}]",{'hold_bars': 3},0,100000.0,0.0,0.0,,,,,False
109,109,"[{'max_rr': 10.0, 'min_rr': 1.0, 'atr_dist_for_liq_generation': 1.8, 'liq_move_away_atr': 1.5}]",{'hold_bars': 4},0,100000.0,0.0,0.0,,,,,False
110,110,"[{'max_rr': 10.0, 'min_rr': 1.0, 'atr_dist_for_liq_generation': 1.8, 'liq_move_away_atr': 1.5}]",{'hold_bars': 5},0,100000.0,0.0,0.0,,,,,False
111,111,"[{'max_rr': 10.0, 'min_rr': 1.0, 'atr_dist_for_liq_generation': 1.8, 'liq_move_away_atr': 2.0}]",{'hold_bars': 1},0,100000.0,0.0,0.0,,,,,False
112,112,"[{'max_rr': 10.0, 'min_rr': 1.0, 'atr_dist_for_liq_generation': 1.8, 'liq_move_away_atr': 2.0}]",{'hold_bars': 2},0,100000.0,0.0,0.0,,,,,False
113,113,"[{'max_rr': 10.0, 'min_rr': 1.0, 'atr_dist_for_liq_generation': 1.8, 'liq_move_away_atr': 2.0}]",{'hold_bars': 3},0,100000.0,0.0,0.0,,,,,False
114,114,"[{'max_rr': 10.0, 'min_rr': 1.0, 'atr_dist_for_liq_generation': 1.8, 'liq_move_away_atr': 2.0}]",{'hold_bars': 4},0,100000.0,0.0,0.0,,,,,False
115,115,"[{'max_rr': 10.0, 'min_rr': 1.0, 'atr_dist_for_liq_generation': 1.8, 'liq_move_away_atr': 2.0}]",{'hold_bars': 5},0,100000.0,0.0,0.0,,,,,False
116,116,"[{'max_rr': 10.0, 'min_rr': 1.0, 'atr_dist_for_liq_generation': 1.8, 'liq_move_away_atr': 2.5}]",{'hold_bars': 1},0,100000.0,0.0,0.0,,,,,False
117,117,"[{'max_rr': 10.0, 'min_rr': 1.0, 'atr_dist_for_liq_generation': 1.8, 'liq_move_away_atr': 2.5}]",{'hold_bars': 2},0,100000.0,0.0,0.0,,,,,False
118,118,"[{'max_rr': 10.0, 'min_rr': 1.0, 'atr_dist_for_liq_generation': 1.8, 'liq_move_away_atr': 2.5}]",{'hold_bars': 3},0,100000.0,0.0,0.0,,,,,False
119,119,"[{'max_rr': 10.0, 'min_rr': 1.0, 'atr_dist_for_liq_generation': 1.8, 'liq_move_away_atr': 2.5}]",{'hold_bars': 4},0,100000.0,0.0,0.0,,,,,False
120,120,"[{'max_rr': 10.0, 'min_rr': 1.0, 'atr_dist_for_liq_generation': 1.8, 'liq_move_away_atr': 2.5}]",{'hold_bars': 5},0,100000.0,0.0,0.0,,,,,False
121,121,"[{'max_rr': 10.0, 'min_rr': 1.0, 'atr_dist_for_liq_generation': 1.8, 'liq_move_away_atr': 3.0}]",{'hold_bars': 1},0,100000.0,0.0,0.0,,,,,False
122,122,"[{'max_rr': 10.0, 'min_rr': 1.0, 'atr_dist_for_liq_generation': 1.8, 'liq_move_away_atr': 3.0}]",{'hold_bars': 2},0,100000.0,0.0,0.0,,,,,False
123,123,"[{'max_rr': 10.0, 'min_rr': 1.0, 'atr_dist_for_liq_generation': 1.8, 'liq_move_away_atr': 3.0}]",{'hold_bars': 3},0,100000.0,0.0,0.0,,,,,False
124,124,"[{'max_rr': 10.0, 'min_rr': 1.0, 'atr_dist_for_liq_generation': 1.8, 'liq_move_away_atr': 3.0}]",{'hold_bars': 4},0,100000.0,0.0,0.0,,,,,False
125,125,"[{'max_rr': 10.0, 'min_rr': 1.0, 'atr_dist_for_liq_generation': 1.8, 'liq_move_away_atr': 3.0}]",{'hold_bars': 5},0,100000.0,0.0,0.0,,,,,False
126,126,"[{'max_rr': 10.0, 'min_rr': 1.0, 'atr_dist_for_liq_generation': 1.8, 'liq_move_away_atr': 3.5}]",{'hold_bars': 1},0,100000.0,0.0,0.0,,,,,False
127,127,"[{'max_rr': 10.0, 'min_rr': 1.0, 'atr_dist_for_liq_generation': 1.8, 'liq_move_away_atr': 3.5}]",{'hold_bars': 2},0,100000.0,0.0,0.0,,,,,False
128,128,"[{'max_rr': 10.0, 'min_rr': 1.0, 'atr_dist_for_liq_generation': 1.8, 'liq_move_away_atr': 3.5}]",{'hold_bars': 3},0,100000.0,0.0,0.0,,,,,False
129,129,"[{'max_rr': 10.0, 'min_rr': 1.0, 'atr_dist_for_liq_generation': 1.8, 'liq_move_away_atr': 3.5}]",{'hold_bars': 4},0,100000.0,0.0,0.0,,,,,False
130,130,"[{'max_rr': 10.0, 'min_rr': 1.0, 'atr_dist_for_liq_generation': 1.8, 'liq_move_away_atr': 3.5}]",{'hold_bars': 5},0,100000.0,0.0,0.0,,,,,False
131,131,"[{'max_rr': 10.0, 'min_rr': 1.0, 'atr_dist_for_liq_generation': 1.8, 'liq_move_away_atr': 4.0}]",{'hold_bars': 1},0,100000.0,0.0,0.0,,,,,False
132,132,"[{'max_rr': 10.0, 'min_rr': 1.0, 'atr_dist_for_liq_generation': 1.8, 'liq_move_away_atr': 4.0}]",{'hold_bars': 2},0,100000.0,0.0,0.0,,,,,False
133,133,"[{'max_rr': 10.0, 'min_rr': 1.0, 'atr_dist_for_liq_generation': 1.8, 'liq_move_away_atr': 4.0}]",{'hold_bars': 3},0,100000.0,0.0,0.0,,,,,False
134,134,"[{'max_rr': 10.0, 'min_rr': 1.0, 'atr_dist_for_liq_generation': 1.8, 'liq_move_away_atr': 4.0}]",{'hold_bars': 4},0,100000.0,0.0,0.0,,,,,False
135,135,"[{'max_rr': 10.0, 'min_rr': 1.0, 'atr_dist_for_liq_generation': 1.8, 'liq_move_away_atr': 4.0}]",{'hold_bars': 5},0,100000.0,0.0,0.0,,,,,False
136,136,"[{'max_rr': 10.0, 'min_rr': 1.0, 'atr_dist_for_liq_generation': 1.8, 'liq_move_away_atr': 4.5}]",{'hold_bars': 1},0,100000.0,0.0,0.0,,,,,False
137,137,"[{'max_rr': 10.0, 'min_rr': 1.0, 'atr_dist_for_liq_generation': 1.8, 'liq_move_away_atr': 4.5}]",{'hold_bars': 2},0,100000.0,0.0,0.0,,,,,False
138,138,"[{'max_rr': 10.0, 'min_rr': 1.0, 'atr_dist_for_liq_generation': 1.8, 'liq_move_away_atr': 4.5}]",{'hold_bars': 3},0,100000.0,0.0,0.0,,,,,False
139,139,"[{'max_rr': 10.0, 'min_rr': 1.0, 'atr_dist_for_liq_generation': 1.8, 'liq_move_away_atr': 4.5}]",{'hold_bars': 4},0,100000.0,0.0,0.0,,,,,False
140,140,"[{'max_rr': 10.0, 'min_rr': 1.0, 'atr_dist_for_liq_generation': 1.8, 'liq_move_away_atr': 4.5}]",{'hold_bars': 5},0,100000.0,0.0,0.0,,,,,False
141,141,"[{'max_rr': 10.0, 'min_rr': 1.0, 'atr_dist_for_liq_generation': 1.8, 'liq_move_away_atr': 5.0}]",{'hold_bars': 1},0,100000.0,0.0,0.0,,,,,False
142,142,"[{'max_rr': 10.0, 'min_rr': 1.0, 'atr_dist_for_liq_generation': 1.8, 'liq_move_away_atr': 5.0}]",{'hold_bars': 2},0,100000.0,0.0,0.0,,,,,False
143,143,"[{'max_rr': 10.0, 'min_rr': 1.0, 'atr_dist_for_liq_generation': 1.8, 'liq_move_away_atr': 5.0}]",{'hold_bars': 3},0,100000.0,0.0,0.0,,,,,False
144,144,"[{'max_rr': 10.0, 'min_rr': 1.0, 'atr_dist_for_liq_generation': 1.8, 'liq_move_away_atr': 5.0}]",{'hold_bars': 4},0,100000.0,0.0,0.0,,,,,False
145,145,"[{'max_rr': 10.0, 'min_rr': 1.0, 'atr_dist_for_liq_generation': 1.8, 'liq_move_away_atr': 5.0}]",{'hold_bars': 5},0,100000.0,0.0,0.0,,,,,False
146,146,"[{'max_rr': 10.0, 'min_rr': 1.0, 'atr_dist_for_liq_generation': 1.8, 'liq_move_away_atr': 5.5}]",{'hold_bars': 1},0,100000.0,0.0,0.0,,,,,False
147,147,"[{'max_rr': 10.0, 'min_rr': 1.0, 'atr_dist_for_liq_generation': 1.8, 'liq_move_away_atr': 5.5}]",{'hold_bars': 2},0,100000.0,0.0,0.0,,,,,False
148,148,"[{'max_rr': 10.0, 'min_rr': 1.0, 'atr_dist_for_liq_generation': 1.8, 'liq_move_away_atr': 5.5}]",{'hold_bars': 3},0,100000.0,0.0,0.0,,,,,False
149,149,"[{'max_rr': 10.0, 'min_rr': 1.0, 'atr_dist_for_liq_generation': 1.8, 'liq_move_away_atr': 5.5}]",{'hold_bars': 4},0,100000.0,0.0,0.0,,,,,False
150,150,"[{'max_rr': 10.0, 'min_rr': 1.0, 'atr_dist_for_liq_generation': 1.8, 'liq_move_away_atr': 5.5}]",{'hold_bars': 5},0,100000.0,0.0,0.0,,,,,False
151,151,"[{'max_rr': 10.0, 'min_rr': 1.0, 'atr_dist_for_liq_generation': 2.0, 'liq_move_away_atr': 1.0}]",{'hold_bars': 1},0,100000.0,0.0,0.0,,,,,False
152,152,"[{'max_rr': 10.0, 'min_rr': 1.0, 'atr_dist_for_liq_generation': 2.0, 'liq_move_away_atr': 1.0}]",{'hold_bars': 2},0,100000.0,0.0,0.0,,,,,False
153,153,"[{'max_rr': 10.0, 'min_rr': 1.0, 'atr_dist_for_liq_generation': 2.0, 'liq_move_away_atr': 1.0}]",{'hold_bars': 3},0,100000.0,0.0,0.0,,,,,False
154,154,"[{'max_rr': 10.0, 'min_rr': 1.0, 'atr_dist_for_liq_generation': 2.0, 'liq_move_away_atr': 1.0}]",{'hold_bars': 4},0,100000.0,0.0,0.0,,,,,False
155,155,"[{'max_rr': 10.0, 'min_rr': 1.0, 'atr_dist_for_liq_generation': 2.0, 'liq_move_away_atr': 1.0}]",{'hold_bars': 5},0,100000.0,0.0,0.0,,,,,False
156,156,"[{'max_rr': 10.0, 'min_rr': 1.0, 'atr_dist_for_liq_generation': 2.0, 'liq_move_away_atr': 1.5}]",{'hold_bars': 1},0,100000.0,0.0,0.0,,,,,False
157,157,"[{'max_rr': 10.0, 'min_rr': 1.0, 'atr_dist_for_liq_generation': 2.0, 'liq_move_away_atr': 1.5}]",{'hold_bars': 2},0,100000.0,0.0,0.0,,,,,False
158,158,"[{'max_rr': 10.0, 'min_rr': 1.0, 'atr_dist_for_liq_generation': 2.0, 'liq_move_away_atr': 1.5}]",{'hold_bars': 3},0,100000.0,0.0,0.0,,,,,False
159,159,"[{'max_rr': 10.0, 'min_rr': 1.0, 'atr_dist_for_liq_generation': 2.0, 'liq_move_away_atr': 1.5}]",{'hold_bars': 4},0,100000.0,0.0,0.0,,,,,False
160,160,"[{'max_rr': 10.0, 'min_rr': 1.0, 'atr_dist_for_liq_generation': 2.0, 'liq_move_away_atr': 1.5}]",{'hold_bars': 5},0,100000.0,0.0,0.0,,,,,False
161,161,"[{'max_rr': 10.0, 'min_rr': 1.0, 'atr_dist_for_liq_generation': 2.0, 'liq_move_away_atr': 2.0}]",{'hold_bars': 1},0,100000.0,0.0,0.0,,,,,False
162,162,"[{'max_rr': 10.0, 'min_rr': 1.0, 'atr_dist_for_liq_generation': 2.0, 'liq_move_away_atr': 2.0}]",{'hold_bars': 2},0,100000.0,0.0,0.0,,,,,False
163,163,"[{'max_rr': 10.0, 'min_rr': 1.0, 'atr_dist_for_liq_generation': 2.0, 'liq_move_away_atr': 2.0}]",{'hold_bars': 3},0,100000.0,0.0,0.0,,,,,False
164,164,"[{'max_rr': 10.0, 'min_rr': 1.0, 'atr_dist_for_liq_generation': 2.0, 'liq_move_away_atr': 2.0}]",{'hold_bars': 4},0,100000.0,0.0,0.0,,,,,False
165,165,"[{'max_rr': 10.0, 'min_rr': 1.0, 'atr_dist_for_liq_generation': 2.0, 'liq_move_away_atr': 2.0}]",{'hold_bars': 5},0,100000.0,0.0,0.0,,,,,False
166,166,"[{'max_rr': 10.0, 'min_rr': 1.0, 'atr_dist_for_liq_generation': 2.0, 'liq_move_away_atr': 2.5}]",{'hold_bars': 1},0,100000.0,0.0,0.0,,,,,False
167,167,"[{'max_rr': 10.0, 'min_rr': 1.0, 'atr_dist_for_liq_generation': 2.0, 'liq_move_away_atr': 2.5}]",{'hold_bars': 2},0,100000.0,0.0,0.0,,,,,False
168,168,"[{'max_rr': 10.0, 'min_rr': 1.0, 'atr_dist_for_liq_generation': 2.0, 'liq_move_away_atr': 2.5}]",{'hold_bars': 3},0,100000.0,0.0,0.0,,,,,False
169,169,"[{'max_rr': 10.0, 'min_rr': 1.0, 'atr_dist_for_liq_generation': 2.0, 'liq_move_away_atr': 2.5}]",{'hold_bars': 4},0,100000.0,0.0,0.0,,,,,False
170,170,"[{'max_rr': 10.0, 'min_rr': 1.0, 'atr_dist_for_liq_generation': 2.0, 'liq_move_away_atr': 2.5}]",{'hold_bars': 5},0,100000.0,0.0,0.0,,,,,False
171,171,"[{'max_rr': 10.0, 'min_rr': 1.0, 'atr_dist_for_liq_generation': 2.0, 'liq_move_away_atr': 3.0}]",{'hold_bars': 1},0,100000.0,0.0,0.0,,,,,False
172,172,"[{'max_rr': 10.0, 'min_rr': 1.0, 'atr_dist_for_liq_generation': 2.0, 'liq_move_away_atr': 3.0}]",{'hold_bars': 2},0,100000.0,0.0,0.0,,,,,False
173,173,"[{'max_rr': 10.0, 'min_rr': 1.0, 'atr_dist_for_liq_generation': 2.0, 'liq_move_away_atr': 3.0}]",{'hold_bars': 3},0,100000.0,0.0,0.0,,,,,False
174,174,"[{'max_rr': 10.0, 'min_rr': 1.0, 'atr_dist_for_liq_generation': 2.0, 'liq_move_away_atr': 3.0}]",{'hold_bars': 4},0,100000.0,0.0,0.0,,,,,False
175,175,"[{'max_rr': 10.0, 'min_rr': 1.0, 'atr_dist_for_liq_generation': 2.0, 'liq_move_away_atr': 3.0}]",{'hold_bars': 5},0,100000.0,0.0,0.0,,,,,False
176,176,"[{'max_rr': 10.0, 'min_rr': 1.0, 'atr_dist_for_liq_generation': 2.0, 'liq_move_away_atr': 3.5}]",{'hold_bars': 1},0,100000.0,0.0,0.0,,,,,False
177,177,"[{'max_rr': 10.0, 'min_rr': 1.0, 'atr_dist_for_liq_generation': 2.0, 'liq_move_away_atr': 3.5}]",{'hold_bars': 2},0,100000.0,0.0,0.0,,,,,False
178,178,"[{'max_rr': 10.0, 'min_rr': 1.0, 'atr_dist_for_liq_generation': 2.0, 'liq_move_away_atr': 3.5}]",{'hold_bars': 3},0,100000.0,0.0,0.0,,,,,False
179,179,"[{'max_rr': 10.0, 'min_rr': 1.0, 'atr_dist_for_liq_generation': 2.0, 'liq_move_away_atr': 3.5}]",{'hold_bars': 4},0,100000.0,0.0,0.0,,,,,False
180,180,"[{'max_rr': 10.0, 'min_rr': 1.0, 'atr_dist_for_liq_generation': 2.0, 'liq_move_away_atr': 3.5}]",{'hold_bars': 5},0,100000.0,0.0,0.0,,,,,False
181,181,"[{'max_rr': 10.0, 'min_rr': 1.0, 'atr_dist_for_liq_generation': 2.0, 'liq_move_away_atr': 4.0}]",{'hold_bars': 1},0,100000.0,0.0,0.0,,,,,False
182,182,"[{'max_rr': 10.0, 'min_rr': 1.0, 'atr_dist_for_liq_generation': 2.0, 'liq_move_away_atr': 4.0}]",{'hold_bars': 2},0,100000.0,0.0,0.0,,,,,False
183,183,"[{'max_rr': 10.0, 'min_rr': 1.0, 'atr_dist_for_liq_generation': 2.0, 'liq_move_away_atr': 4.0}]",{'hold_bars': 3},0,100000.0,0.0,0.0,,,,,False
184,184,"[{'max_rr': 10.0, 'min_rr': 1.0, 'atr_dist_for_liq_generation': 2.0, 'liq_move_away_atr': 4.0}]",{'hold_bars': 4},0,100000.0,0.0,0.0,,,,,False
185,185,"[{'max_rr': 10.0, 'min_rr': 1.0, 'atr_dist_for_liq_generation': 2.0, 'liq_move_away_atr': 4.0}]",{'hold_bars': 5},0,100000.0,0.0,0.0,,,,,False
186,186,"[{'max_rr': 10.0, 'min_rr': 1.0, 'atr_dist_for_liq_generation': 2.0, 'liq_move_away_atr': 4.5}]",{'hold_bars': 1},0,100000.0,0.0,0.0,,,,,False
187,187,"[{'max_rr': 10.0, 'min_rr': 1.0, 'atr_dist_for_liq_generation': 2.0, 'liq_move_away_atr': 4.5}]",{'hold_bars': 2},0,100000.0,0.0,0.0,,,,,False
188,188,"[{'max_rr': 10.0, 'min_rr': 1.0, 'atr_dist_for_liq_generation': 2.0, 'liq_move_away_atr': 4.5}]",{'hold_bars': 3},0,100000.0,0.0,0.0,,,,,False
189,189,"[{'max_rr': 10.0, 'min_rr': 1.0, 'atr_dist_for_liq_generation': 2.0, 'liq_move_away_atr': 4.5}]",{'hold_bars': 4},0,100000.0,0.0,0.0,,,,,False
190,190,"[{'max_rr': 10.0, 'min_rr': 1.0, 'atr_dist_for_liq_generation': 2.0, 'liq_move_away_atr': 4.5}]",{'hold_bars': 5},0,100000.0,0.0,0.0,,,,,False
191,191,"[{'max_rr': 10.0, 'min_rr': 1.0, 'atr_dist_for_liq_generation': 2.0, 'liq_move_away_atr': 5.0}]",{'hold_bars': 1},0,100000.0,0.0,0.0,,,,,False
192,192,"[{'max_rr': 10.0, 'min_rr': 1.0, 'atr_dist_for_liq_generation': 2.0, 'liq_move_away_atr': 5.0}]",{'hold_bars': 2},0,100000.0,0.0,0.0,,,,,False
193,193,"[{'max_rr': 10.0, 'min_rr': 1.0, 'atr_dist_for_liq_generation': 2.0, 'liq_move_away_atr': 5.0}]",{'hold_bars': 3},0,100000.0,0.0,0.0,,,,,False
194,194,"[{'max_rr': 10.0, 'min_rr': 1.0, 'atr_dist_for_liq_generation': 2.0, 'liq_move_away_atr': 5.0}]",{'hold_bars': 4},0,100000.0,0.0,0.0,,,,,False
195,195,"[{'max_rr': 10.0, 'min_rr': 1.0, 'atr_dist_for_liq_generation': 2.0, 'liq_move_away_atr': 5.0}]",{'hold_bars': 5},0,100000.0,0.0,0.0,,,,,False
196,196,"[{'max_rr': 10.0, 'min_rr': 1.0, 'atr_dist_for_liq_generation': 2.0, 'liq_move_away_atr': 5.5}]",{'hold_bars': 1},0,100000.0,0.0,0.0,,,,,False
197,197,"[{'max_rr': 10.0, 'min_rr': 1.0, 'atr_dist_for_liq_generation': 2.0, 'liq_move_away_atr': 5.5}]",{'hold_bars': 2},0,100000.0,0.0,0.0,,,,,False
198,198,"[{'max_rr': 10.0, 'min_rr': 1.0, 'atr_dist_for_liq_generation': 2.0, 'liq_move_away_atr': 5.5}]",{'hold_bars': 3},0,100000.0,0.0,0.0,,,,,False
199,199,"[{'max_rr': 10.0, 'min_rr': 1.0, 'atr_dist_for_liq_generation': 2.0, 'liq_move_away_atr': 5.5}]",{'hold_bars': 4},0,100000.0,0.0,0.0,,,,,False
200,200,"[{'max_rr': 10.0, 'min_rr': 1.0, 'atr_dist_for_liq_generation': 2.0, 'liq_move_away_atr': 5.5}]",{'hold_bars': 5},0,100000.0,0.0,0.0,,,,,False
201,201,"[{'max_rr': 10.0, 'min_rr': 1.0, 'atr_dist_for_liq_generation': 2.2, 'liq_move_away_atr': 1.0}]",{'hold_bars': 1},0,100000.0,0.0,0.0,,,,,False
202,202,"[{'max_rr': 10.0, 'min_rr': 1.0, 'atr_dist_for_liq_generation': 2.2, 'liq_move_away_atr': 1.0}]",{'hold_bars': 2},0,100000.0,0.0,0.0,,,,,False
203,203,"[{'max_rr': 10.0, 'min_rr': 1.0, 'atr_dist_for_liq_generation': 2.2, 'liq_move_away_atr': 1.0}]",{'hold_bars': 3},0,100000.0,0.0,0.0,,,,,False
204,204,"[{'max_rr': 10.0, 'min_rr': 1.0, 'atr_dist_for_liq_generation': 2.2, 'liq_move_away_atr': 1.0}]",{'hold_bars': 4},0,100000.0,0.0,0.0,,,,,False
205,205,"[{'max_rr': 10.0, 'min_rr': 1.0, 'atr_dist_for_liq_generation': 2.2, 'liq_move_away_atr': 1.0}]",{'hold_bars': 5},0,100000.0,0.0,0.0,,,,,False
206,206,"[{'max_rr': 10.0, 'min_rr': 1.0, 'atr_dist_for_liq_generation': 2.2, 'liq_move_away_atr': 1.5}]",{'hold_bars': 1},0,100000.0,0.0,0.0,,,,,False
207,207,"[{'max_rr': 10.0, 'min_rr': 1.0, 'atr_dist_for_liq_generation': 2.2, 'liq_move_away_atr': 1.5}]",{'hold_bars': 2},0,100000.0,0.0,0.0,,,,,False
208,208,"[{'max_rr': 10.0, 'min_rr': 1.0, 'atr_dist_for_liq_generation': 2.2, 'liq_move_away_atr': 1.5}]",{'hold_bars': 3},0,100000.0,0.0,0.0,,,,,False
209,209,"[{'max_rr': 10.0, 'min_rr': 1.0, 'atr_dist_for_liq_generation': 2.2, 'liq_move_away_atr': 1.5}]",{'hold_bars': 4},0,100000.0,0.0,0.0,,,,,False
210,210,"[{'max_rr': 10.0, 'min_rr': 1.0, 'atr_dist_for_liq_generation': 2.2, 'liq_move_away_atr': 1.5}]",{'hold_bars': 5},0,100000.0,0.0,0.0,,,,,False
211,211,"[{'max_rr': 10.0, 'min_rr': 1.0, 'atr_dist_for_liq_generation': 2.2, 'liq_move_away_atr': 2.0}]",{'hold_bars': 1},0,100000.0,0.0,0.0,,,,,False
212,212,"[{'max_rr': 10.0, 'min_rr': 1.0, 'atr_dist_for_liq_generation': 2.2, 'liq_move_away_atr': 2.0}]",{'hold_bars': 2},0,100000.0,0.0,0.0,,,,,False
213,213,"[{'max_rr': 10.0, 'min_rr': 1.0, 'atr_dist_for_liq_generation': 2.2, 'liq_move_away_atr': 2.0}]",{'hold_bars': 3},0,100000.0,0.0,0.0,,,,,False
214,214,"[{'max_rr': 10.0, 'min_rr': 1.0, 'atr_dist_for_liq_generation': 2.2, 'liq_move_away_atr': 2.0}]",{'hold_bars': 4},0,100000.0,0.0,0.0,,,,,False
215,215,"[{'max_rr': 10.0, 'min_rr': 1.0, 'atr_dist_for_liq_generation': 2.2, 'liq_move_away_atr': 2.0}]",{'hold_bars': 5},0,100000.0,0.0,0.0,,,,,False
216,216,"[{'max_rr': 10.0, 'min_rr': 1.0, 'atr_dist_for_liq_generation': 2.2, 'liq_move_away_atr': 2.5}]",{'hold_bars': 1},0,100000.0,0.0,0.0,,,,,False
217,217,"[{'max_rr': 10.0, 'min_rr': 1.0, 'atr_dist_for_liq_generation': 2.2, 'liq_move_away_atr': 2.5}]",{'hold_bars': 2},0,100000.0,0.0,0.0,,,,,False
218,218,"[{'max_rr': 10.0, 'min_rr': 1.0, 'atr_dist_for_liq_generation': 2.2, 'liq_move_away_atr': 2.5}]",{'hold_bars': 3},0,100000.0,0.0,0.0,,,,,False
219,219,"[{'max_rr': 10.0, 'min_rr': 1.0, 'atr_dist_for_liq_generation': 2.2, 'liq_move_away_atr': 2.5}]",{'hold_bars': 4},0,100000.0,0.0,0.0,,,,,False
220,220,"[{'max_rr': 10.0, 'min_rr': 1.0, 'atr_dist_for_liq_generation': 2.2, 'liq_move_away_atr': 2.5}]",{'hold_bars': 5},0,100000.0,0.0,0.0,,,,,False
221,221,"[{'max_rr': 10.0, 'min_rr': 1.0, 'atr_dist_for_liq_generation': 2.2, 'liq_move_away_atr': 3.0}]",{'hold_bars': 1},0,100000.0,0.0,0.0,,,,,False
222,222,"[{'max_rr': 10.0, 'min_rr': 1.0, 'atr_dist_for_liq_generation': 2.2, 'liq_move_away_atr': 3.0}]",{'hold_bars': 2},0,100000.0,0.0,0.0,,,,,False
223,223,"[{'max_rr': 10.0, 'min_rr': 1.0, 'atr_dist_for_liq_generation': 2.2, 'liq_move_away_atr': 3.0}]",{'hold_bars': 3},0,100000.0,0.0,0.0,,,,,False
224,224,"[{'max_rr': 10.0, 'min_rr': 1.0, 'atr_dist_for_liq_generation': 2.2, 'liq_move_away_atr': 3.0}]",{'hold_bars': 4},0,100000.0,0.0,0.0,,,,,False
225,225,"[{'max_rr': 10.0, 'min_rr': 1.0, 'atr_dist_for_liq_generation': 2.2, 'liq_move_away_atr': 3.0}]",{'hold_bars': 5},0,100000.0,0.0,0.0,,,,,False
226,226,"[{'max_rr': 10.0, 'min_rr': 1.0, 'atr_dist_for_liq_generation': 2.2, 'liq_move_away_atr': 3.5}]",{'hold_bars': 1},0,100000.0,0.0,0.0,,,,,False
227,227,"[{'max_rr': 10.0, 'min_rr': 1.0, 'atr_dist_for_liq_generation': 2.2, 'liq_move_away_atr': 3.5}]",{'hold_bars': 2},0,100000.0,0.0,0.0,,,,,False
228,228,"[{'max_rr': 10.0, 'min_rr': 1.0, 'atr_dist_for_liq_generation': 2.2, 'liq_move_away_atr': 3.5}]",{'hold_bars': 3},0,100000.0,0.0,0.0,,,,,False
229,229,"[{'max_rr': 10.0, 'min_rr': 1.0, 'atr_dist_for_liq_generation': 2.2, 'liq_move_away_atr': 3.5}]",{'hold_bars': 4},0,100000.0,0.0,0.0,,,,,False
230,230,"[{'max_rr': 10.0, 'min_rr': 1.0, 'atr_dist_for_liq_generation': 2.2, 'liq_move_away_atr': 3.5}]",{'hold_bars': 5},0,100000.0,0.0,0.0,,,,,False
231,231,"[{'max_rr': 10.0, 'min_rr': 1.0, 'atr_dist_for_liq_generation': 2.2, 'liq_move_away_atr': 4.0}]",{'hold_bars': 1},0,100000.0,0.0,0.0,,,,,False
232,232,"[{'max_rr': 10.0, 'min_rr': 1.0, 'atr_dist_for_liq_generation': 2.2, 'liq_move_away_atr': 4.0}]",{'hold_bars': 2},0,100000.0,0.0,0.0,,,,,False
233,233,"[{'max_rr': 10.0, 'min_rr': 1.0, 'atr_dist_for_liq_generation': 2.2, 'liq_move_away_atr': 4.0}]",{'hold_bars': 3},0,100000.0,0.0,0.0,,,,,False
234,234,"[{'max_rr': 10.0, 'min_rr': 1.0, 'atr_dist_for_liq_generation': 2.2, 'liq_move_away_atr': 4.0}]",{'hold_bars': 4},0,100000.0,0.0,0.0,,,,,False
235,235,"[{'max_rr': 10.0, 'min_rr': 1.0, 'atr_dist_for_liq_generation': 2.2, 'liq_move_away_atr': 4.0}]",{'hold_bars': 5},0,100000.0,0.0,0.0,,,,,False
236,236,"[{'max_rr': 10.0, 'min_rr': 1.0, 'atr_dist_for_liq_generation': 2.2, 'liq_move_away_atr': 4.5}]",{'hold_bars': 1},0,100000.0,0.0,0.0,,,,,False
237,237,"[{'max_rr': 10.0, 'min_rr': 1.0, 'atr_dist_for_liq_generation': 2.2, 'liq_move_away_atr': 4.5}]",{'hold_bars': 2},0,100000.0,0.0,0.0,,,,,False
238,238,"[{'max_rr': 10.0, 'min_rr': 1.0, 'atr_dist_for_liq_generation': 2.2, 'liq_move_away_atr': 4.5}]",{'hold_bars': 3},0,100000.0,0.0,0.0,,,,,False
239,239,"[{'max_rr': 10.0, 'min_rr': 1.0, 'atr_dist_for_liq_generation': 2.2, 'liq_move_away_atr': 4.5}]",{'hold_bars': 4},0,100000.0,0.0,0.0,,,,,False
240,240,"[{'max_rr': 10.0, 'min_rr': 1.0, 'atr_dist_for_liq_generation': 2.2, 'liq_move_away_atr': 4.5}]",{'hold_bars': 5},0,100000.0,0.0,0.0,,,,,False
241,241,"[{'max_rr': 10.0, 'min_rr': 1.0, 'atr_dist_for_liq_generation': 2.2, 'liq_move_away_atr': 5.0}]",{'hold_bars': 1},0,100000.0,0.0,0.0,,,,,False
242,242,"[{'max_rr': 10.0, 'min_rr': 1.0, 'atr_dist_for_liq_generation': 2.2, 'liq_move_away_atr': 5.0}]",{'hold_bars': 2},0,100000.0,0.0,0.0,,,,,False
243,243,"[{'max_rr': 10.0, 'min_rr': 1.0, 'atr_dist_for_liq_generation': 2.2, 'liq_move_away_atr': 5.0}]",{'hold_bars': 3},0,100000.0,0.0,0.0,,,,,False
244,244,"[{'max_rr': 10.0, 'min_rr': 1.0, 'atr_dist_for_liq_generation': 2.2, 'liq_move_away_atr': 5.0}]",{'hold_bars': 4},0,100000.0,0.0,0.0,,,,,False
245,245,"[{'max_rr': 10.0, 'min_rr': 1.0, 'atr_dist_for_liq_generation': 2.2, 'liq_move_away_atr': 5.0}]",{'hold_bars': 5},0,100000.0,0.0,0.0,,,,,False
246,246,"[{'max_rr': 10.0, 'min_rr': 1.0, 'atr_dist_for_liq_generation': 2.2, 'liq_move_away_atr': 5.5}]",{'hold_bars': 1},0,100000.0,0.0,0.0,,,,,False
247,247,"[{'max_rr': 10.0, 'min_rr': 1.0, 'atr_dist_for_liq_generation': 2.2, 'liq_move_away_atr': 5.5}]",{'hold_bars': 2},0,100000.0,0.0,0.0,,,,,False
248,248,"[{'max_rr': 10.0, 'min_rr': 1.0, 'atr_dist_for_liq_generation': 2.2, 'liq_move_away_atr': 5.5}]",{'hold_bars': 3},0,100000.0,0.0,0.0,,,,,False
249,249,"[{'max_rr': 10.0, 'min_rr': 1.0, 'atr_dist_for_liq_generation': 2.2, 'liq_move_away_atr': 5.5}]",{'hold_bars': 4},0,100000.0,0.0,0.0,,,,,False
250,250,"[{'max_rr': 10.0, 'min_rr': 1.0, 'atr_dist_for_liq_generation': 2.2, 'liq_move_away_atr': 5.5}]",{'hold_bars': 5},0,100000.0,0.0,0.0,,,,,False
251,251,"[{'max_rr': 10.0, 'min_rr': 1.0, 'atr_dist_for_liq_generation': 2.4, 'liq_move_away_atr': 1.0}]",{'hold_bars': 1},0,100000.0,0.0,0.0,,,,,False
252,252,"[{'max_rr': 10.0, 'min_rr': 1.0, 'atr_dist_for_liq_generation': 2.4, 'liq_move_away_atr': 1.0}]",{'hold_bars': 2},0,100000.0,0.0,0.0,,,,,False
253,253,"[{'max_rr': 10.0, 'min_rr': 1.0, 'atr_dist_for_liq_generation': 2.4, 'liq_move_away_atr': 1.0}]",{'hold_bars': 3},0,100000.0,0.0,0.0,,,,,False
254,254,"[{'max_rr': 10.0, 'min_rr': 1.0, 'atr_dist_for_liq_generation': 2.4, 'liq_move_away_atr': 1.0}]",{'hold_bars': 4},0,100000.0,0.0,0.0,,,,,False
255,255,"[{'max_rr': 10.0, 'min_rr': 1.0, 'atr_dist_for_liq_generation': 2.4, 'liq_move_away_atr': 1.0}]",{'hold_bars': 5},0,100000.0,0.0,0.0,,,,,False
256,256,"[{'max_rr': 10.0, 'min_rr': 1.0, 'atr_dist_for_liq_generation': 2.4, 'liq_move_away_atr': 1.5}]",{'hold_bars': 1},0,100000.0,0.0,0.0,,,,,False
257,257,"[{'max_rr': 10.0, 'min_rr': 1.0, 'atr_dist_for_liq_generation': 2.4, 'liq_move_away_atr': 1.5}]",{'hold_bars': 2},0,100000.0,0.0,0.0,,,,,False
258,258,"[{'max_rr': 10.0, 'min_rr': 1.0, 'atr_dist_for_liq_generation': 2.4, 'liq_move_away_atr': 1.5}]",{'hold_bars': 3},0,100000.0,0.0,0.0,,,,,False
259,259,"[{'max_rr': 10.0, 'min_rr': 1.0, 'atr_dist_for_liq_generation': 2.4, 'liq_move_away_atr': 1.5}]",{'hold_bars': 4},0,100000.0,0.0,0.0,,,,,False
260,260,"[{'max_rr': 10.0, 'min_rr': 1.0, 'atr_dist_for_liq_generation': 2.4, 'liq_move_away_atr': 1.5}]",{'hold_bars': 5},0,100000.0,0.0,0.0,,,,,False
261,261,"[{'max_rr': 10.0, 'min_rr': 1.0, 'atr_dist_for_liq_generation': 2.4, 'liq_move_away_atr': 2.0}]",{'hold_bars': 1},0,100000.0,0.0,0.0,,,,,False
262,262,"[{'max_rr': 10.0, 'min_rr': 1.0, 'atr_dist_for_liq_generation': 2.4, 'liq_move_away_atr': 2.0}]",{'hold_bars': 2},0,100000.0,0.0,0.0,,,,,False
263,263,"[{'max_rr': 10.0, 'min_rr': 1.0, 'atr_dist_for_liq_generation': 2.4, 'liq_move_away_atr': 2.0}]",{'hold_bars': 3},0,100000.0,0.0,0.0,,,,,False
264,264,"[{'max_rr': 10.0, 'min_rr': 1.0, 'atr_dist_for_liq_generation': 2.4, 'liq_move_away_atr': 2.0}]",{'hold_bars': 4},0,100000.0,0.0,0.0,,,,,False
265,265,"[{'max_rr': 10.0, 'min_rr': 1.0, 'atr_dist_for_liq_generation': 2.4, 'liq_move_away_atr': 2.0}]",{'hold_bars': 5},0,100000.0,0.0,0.0,,,,,False
266,266,"[{'max_rr': 10.0, 'min_rr': 1.0, 'atr_dist_for_liq_generation': 2.4, 'liq_move_away_atr': 2.5}]",{'hold_bars': 1},0,100000.0,0.0,0.0,,,,,False
267,267,"[{'max_rr': 10.0, 'min_rr': 1.0, 'atr_dist_for_liq_generation': 2.4, 'liq_move_away_atr': 2.5}]",{'hold_bars': 2},0,100000.0,0.0,0.0,,,,,False
268,268,"[{'max_rr': 10.0, 'min_rr': 1.0, 'atr_dist_for_liq_generation': 2.4, 'liq_move_away_atr': 2.5}]",{'hold_bars': 3},0,100000.0,0.0,0.0,,,,,False
269,269,"[{'max_rr': 10.0, 'min_rr': 1.0, 'atr_dist_for_liq_generation': 2.4, 'liq_move_away_atr': 2.5}]",{'hold_bars': 4},0,100000.0,0.0,0.0,,,,,False
270,270,"[{'max_rr': 10.0, 'min_rr': 1.0, 'atr_dist_for_liq_generation': 2.4, 'liq_move_away_atr': 2.5}]",{'hold_bars': 5},0,100000.0,0.0,0.0,,,,,False
271,271,"[{'max_rr': 10.0, 'min_rr': 1.0, 'atr_dist_for_liq_generation': 2.4, 'liq_move_away_atr': 3.0}]",{'hold_bars': 1},0,100000.0,0.0,0.0,,,,,False
272,272,"[{'max_rr': 10.0, 'min_rr': 1.0, 'atr_dist_for_liq_generation': 2.4, 'liq_move_away_atr': 3.0}]",{'hold_bars': 2},0,100000.0,0.0,0.0,,,,,False
273,273,"[{'max_rr': 10.0, 'min_rr': 1.0, 'atr_dist_for_liq_generation': 2.4, 'liq_move_away_atr': 3.0}]",{'hold_bars': 3},0,100000.0,0.0,0.0,,,,,False
274,274,"[{'max_rr': 10.0, 'min_rr': 1.0, 'atr_dist_for_liq_generation': 2.4, 'liq_move_away_atr': 3.0}]",{'hold_bars': 4},0,100000.0,0.0,0.0,,,,,False
275,275,"[{'max_rr': 10.0, 'min_rr': 1.0, 'atr_dist_for_liq_generation': 2.4, 'liq_move_away_atr': 3.0}]",{'hold_bars': 5},0,100000.0,0.0,0.0,,,,,False
276,276,"[{'max_rr': 10.0, 'min_rr': 1.0, 'atr_dist_for_liq_generation': 2.4, 'liq_move_away_atr': 3.5}]",{'hold_bars': 1},0,100000.0,0.0,0.0,,,,,False
277,277,"[{'max_rr': 10.0, 'min_rr': 1.0, 'atr_dist_for_liq_generation': 2.4, 'liq_move_away_atr': 3.5}]",{'hold_bars': 2},0,100000.0,0.0,0.0,,,,,False
278,278,"[{'max_rr': 10.0, 'min_rr': 1.0, 'atr_dist_for_liq_generation': 2.4, 'liq_move_away_atr': 3.5}]",{'hold_bars': 3},0,100000.0,0.0,0.0,,,,,False
279,279,"[{'max_rr': 10.0, 'min_rr': 1.0, 'atr_dist_for_liq_generation': 2.4, 'liq_move_away_atr': 3.5}]",{'hold_bars': 4},0,100000.0,0.0,0.0,,,,,False
280,280,"[{'max_rr': 10.0, 'min_rr': 1.0, 'atr_dist_for_liq_generation': 2.4, 'liq_move_away_atr': 3.5}]",{'hold_bars': 5},0,100000.0,0.0,0.0,,,,,False
281,281,"[{'max_rr': 10.0, 'min_rr': 1.0, 'atr_dist_for_liq_generation': 2.4, 'liq_move_away_atr': 4.0}]",{'hold_bars': 1},0,100000.0,0.0,0.0,,,,,False
282,282,"[{'max_rr': 10.0, 'min_rr': 1.0, 'atr_dist_for_liq_generation': 2.4, 'liq_move_away_atr': 4.0}]",{'hold_bars': 2},0,100000.0,0.0,0.0,,,,,False
283,283,"[{'max_rr': 10.0, 'min_rr': 1.0, 'atr_dist_for_liq_generation': 2.4, 'liq_move_away_atr': 4.0}]",{'hold_bars': 3},0,100000.0,0.0,0.0,,,,,False
284,284,"[{'max_rr': 10.0, 'min_rr': 1.0, 'atr_dist_for_liq_generation': 2.4, 'liq_move_away_atr': 4.0}]",{'hold_bars': 4},0,100000.0,0.0,0.0,,,,,False
285,285,"[{'max_rr': 10.0, 'min_rr': 1.0, 'atr_dist_for_liq_generation': 2.4, 'liq_move_away_atr': 4.0}]",{'hold_bars': 5},0,100000.0,0.0,0.0,,,,,False
286,286,"[{'max_rr': 10.0, 'min_rr': 1.0, 'atr_dist_for_liq_generation': 2.4, 'liq_move_away_atr': 4.5}]",{'hold_bars': 1},0,100000.0,0.0,0.0,,,,,False
287,287,"[{'max_rr': 10.0, 'min_rr': 1.0, 'atr_dist_for_liq_generation': 2.4, 'liq_move_away_atr': 4.5}]",{'hold_bars': 2},0,100000.0,0.0,0.0,,,,,False
288,288,"[{'max_rr': 10.0, 'min_rr': 1.0, 'atr_dist_for_liq_generation': 2.4, 'liq_move_away_atr': 4.5}]",{'hold_bars': 3},0,100000.0,0.0,0.0,,,,,False
289,289,"[{'max_rr': 10.0, 'min_rr': 1.0, 'atr_dist_for_liq_generation': 2.4, 'liq_move_away_atr': 4.5}]",{'hold_bars': 4},0,100000.0,0.0,0.0,,,,,False
290,290,"[{'max_rr': 10.0, 'min_rr': 1.0, 'atr_dist_for_liq_generation': 2.4, 'liq_move_away_atr': 4.5}]",{'hold_bars': 5},0,100000.0,0.0,0.0,,,,,False
291,291,"[{'max_rr': 10.0, 'min_rr': 1.0, 'atr_dist_for_liq_generation': 2.4, 'liq_move_away_atr': 5.0}]",{'hold_bars': 1},0,100000.0,0.0,0.0,,,,,False
292,292,"[{'max_rr': 10.0, 'min_rr': 1.0, 'atr_dist_for_liq_generation': 2.4, 'liq_move_away_atr': 5.0}]",{'hold_bars': 2},0,100000.0,0.0,0.0,,,,,False
293,293,"[{'max_rr': 10.0, 'min_rr': 1.0, 'atr_dist_for_liq_generation': 2.4, 'liq_move_away_atr': 5.0}]",{'hold_bars': 3},0,100000.0,0.0,0.0,,,,,False
294,294,"[{'max_rr': 10.0, 'min_rr': 1.0, 'atr_dist_for_liq_generation': 2.4, 'liq_move_away_atr': 5.0}]",{'hold_bars': 4},0,100000.0,0.0,0.0,,,,,False
295,295,"[{'max_rr': 10.0, 'min_rr': 1.0, 'atr_dist_for_liq_generation': 2.4, 'liq_move_away_atr': 5.0}]",{'hold_bars': 5},0,100000.0,0.0,0.0,,,,,False
296,296,"[{'max_rr': 10.0, 'min_rr': 1.0, 'atr_dist_for_liq_generation': 2.4, 'liq_move_away_atr': 5.5}]",{'hold_bars': 1},0,100000.0,0.0,0.0,,,,,False
297,297,"[{'max_rr': 10.0, 'min_rr': 1.0, 'atr_dist_for_liq_generation': 2.4, 'liq_move_away_atr': 5.5}]",{'hold_bars': 2},0,100000.0,0.0,0.0,,,,,False
298,298,"[{'max_rr': 10.0, 'min_rr': 1.0, 'atr_dist_for_liq_generation': 2.4, 'liq_move_away_atr': 5.5}]",{'hold_bars': 3},0,100000.0,0.0,0.0,,,,,False
299,299,"[{'max_rr': 10.0, 'min_rr': 1.0, 'atr_dist_for_liq_generation': 2.4, 'liq_move_away_atr': 5.5}]",{'hold_bars': 4},0,100000.0,0.0,0.0,,,,,False
300,300,"[{'max_rr': 10.0, 'min_rr': 1.0, 'atr_dist_for_liq_generation': 2.4, 'liq_move_away_atr': 5.5}]",{'hold_bars': 5},0,100000.0,0.0,0.0,,,,,False
301,301,"[{'max_rr': 10.0, 'min_rr': 1.0, 'atr_dist_for_liq_generation': 2.6, 'liq_move_away_atr': 1.0}]",{'hold_bars': 1},0,100000.0,0.0,0.0,,,,,False
302,302,"[{'max_rr': 10.0, 'min_rr': 1.0, 'atr_dist_for_liq_generation': 2.6, 'liq_move_away_atr': 1.0}]",{'hold_bars': 2},0,100000.0,0.0,0.0,,,,,False
303,303,"[{'max_rr': 10.0, 'min_rr': 1.0, 'atr_dist_for_liq_generation': 2.6, 'liq_move_away_atr': 1.0}]",{'hold_bars': 3},0,100000.0,0.0,0.0,,,,,False
304,304,"[{'max_rr': 10.0, 'min_rr': 1.0, 'atr_dist_for_liq_generation': 2.6, 'liq_move_away_atr': 1.0}]",{'hold_bars': 4},0,100000.0,0.0,0.0,,,,,False
305,305,"[{'max_rr': 10.0, 'min_rr': 1.0, 'atr_dist_for_liq_generation': 2.6, 'liq_move_away_atr': 1.0}]",{'hold_bars': 5},0,100000.0,0.0,0.0,,,,,False
306,306,"[{'max_rr': 10.0, 'min_rr': 1.0, 'atr_dist_for_liq_generation': 2.6, 'liq_move_away_atr': 1.5}]",{'hold_bars': 1},0,100000.0,0.0,0.0,,,,,False
307,307,"[{'max_rr': 10.0, 'min_rr': 1.0, 'atr_dist_for_liq_generation': 2.6, 'liq_move_away_atr': 1.5}]",{'hold_bars': 2},0,100000.0,0.0,0.0,,,,,False
308,308,"[{'max_rr': 10.0, 'min_rr': 1.0, 'atr_dist_for_liq_generation': 2.6, 'liq_move_away_atr': 1.5}]",{'hold_bars': 3},0,100000.0,0.0,0.0,,,,,False
309,309,"[{'max_rr': 10.0, 'min_rr': 1.0, 'atr_dist_for_liq_generation': 2.6, 'liq_move_away_atr': 1.5}]",{'hold_bars': 4},0,100000.0,0.0,0.0,,,,,False
310,310,"[{'max_rr': 10.0, 'min_rr': 1.0, 'atr_dist_for_liq_generation': 2.6, 'liq_move_away_atr': 1.5}]",{'hold_bars': 5},0,100000.0,0.0,0.0,,,,,False
311,311,"[{'max_rr': 10.0, 'min_rr': 1.0, 'atr_dist_for_liq_generation': 2.6, 'liq_move_away_atr': 2.0}]",{'hold_bars': 1},0,100000.0,0.0,0.0,,,,,False
312,312,"[{'max_rr': 10.0, 'min_rr': 1.0, 'atr_dist_for_liq_generation': 2.6, 'liq_move_away_atr': 2.0}]",{'hold_bars': 2},0,100000.0,0.0,0.0,,,,,False
313,313,"[{'max_rr': 10.0, 'min_rr': 1.0, 'atr_dist_for_liq_generation': 2.6, 'liq_move_away_atr': 2.0}]",{'hold_bars': 3},0,100000.0,0.0,0.0,,,,,False
314,314,"[{'max_rr': 10.0, 'min_rr': 1.0, 'atr_dist_for_liq_generation': 2.6, 'liq_move_away_atr': 2.0}]",{'hold_bars': 4},0,100000.0,0.0,0.0,,,,,False
315,315,"[{'max_rr': 10.0, 'min_rr': 1.0, 'atr_dist_for_liq_generation': 2.6, 'liq_move_away_atr': 2.0}]",{'hold_bars': 5},0,100000.0,0.0,0.0,,,,,False
316,316,"[{'max_rr': 10.0, 'min_rr': 1.0, 'atr_dist_for_liq_generation': 2.6, 'liq_move_away_atr': 2.5}]",{'hold_bars': 1},0,100000.0,0.0,0.0,,,,,False
317,317,"[{'max_rr': 10.0, 'min_rr': 1.0, 'atr_dist_for_liq_generation': 2.6, 'liq_move_away_atr': 2.5}]",{'hold_bars': 2},0,100000.0,0.0,0.0,,,,,False
318,318,"[{'max_rr': 10.0, 'min_rr': 1.0, 'atr_dist_for_liq_generation': 2.6, 'liq_move_away_atr': 2.5}]",{'hold_bars': 3},0,100000.0,0.0,0.0,,,,,False
319,319,"[{'max_rr': 10.0, 'min_rr': 1.0, 'atr_dist_for_liq_generation': 2.6, 'liq_move_away_atr': 2.5}]",{'hold_bars': 4},0,100000.0,0.0,0.0,,,,,False
320,320,"[{'max_rr': 10.0, 'min_rr': 1.0, 'atr_dist_for_liq_generation': 2.6, 'liq_move_away_atr': 2.5}]",{'hold_bars': 5},0,100000.0,0.0,0.0,,,,,False
321,321,"[{'max_rr': 10.0, 'min_rr': 1.0, 'atr_dist_for_liq_generation': 2.6, 'liq_move_away_atr': 3.0}]",{'hold_bars': 1},0,100000.0,0.0,0.0,,,,,False
322,322,"[{'max_rr': 10.0, 'min_rr': 1.0, 'atr_dist_for_liq_generation': 2.6, 'liq_move_away_atr': 3.0}]",{'hold_bars': 2},0,100000.0,0.0,0.0,,,,,False
323,323,"[{'max_rr': 10.0, 'min_rr': 1.0, 'atr_dist_for_liq_generation': 2.6, 'liq_move_away_atr': 3.0}]",{'hold_bars': 3},0,100000.0,0.0,0.0,,,,,False
324,324,"[{'max_rr': 10.0, 'min_rr': 1.0, 'atr_dist_for_liq_generation': 2.6, 'liq_move_away_atr': 3.0}]",{'hold_bars': 4},0,100000.0,0.0,0.0,,,,,False
325,325,"[{'max_rr': 10.0, 'min_rr': 1.0, 'atr_dist_for_liq_generation': 2.6, 'liq_move_away_atr': 3.0}]",{'hold_bars': 5},0,100000.0,0.0,0.0,,,,,False
326,326,"[{'max_rr': 10.0, 'min_rr': 1.0, 'atr_dist_for_liq_generation': 2.6, 'liq_move_away_atr': 3.5}]",{'hold_bars': 1},0,100000.0,0.0,0.0,,,,,False
327,327,"[{'max_rr': 10.0, 'min_rr': 1.0, 'atr_dist_for_liq_generation': 2.6, 'liq_move_away_atr': 3.5}]",{'hold_bars': 2},0,100000.0,0.0,0.0,,,,,False
328,328,"[{'max_rr': 10.0, 'min_rr': 1.0, 'atr_dist_for_liq_generation': 2.6, 'liq_move_away_atr': 3.5}]",{'hold_bars': 3},0,100000.0,0.0,0.0,,,,,False
329,329,"[{'max_rr': 10.0, 'min_rr': 1.0, 'atr_dist_for_liq_generation': 2.6, 'liq_move_away_atr': 3.5}]",{'hold_bars': 4},0,100000.0,0.0,0.0,,,,,False
330,330,"[{'max_rr': 10.0, 'min_rr': 1.0, 'atr_dist_for_liq_generation': 2.6, 'liq_move_away_atr': 3.5}]",{'hold_bars': 5},0,100000.0,0.0,0.0,,,,,False
331,331,"[{'max_rr': 10.0, 'min_rr': 1.0, 'atr_dist_for_liq_generation': 2.6, 'liq_move_away_atr': 4.0}]",{'hold_bars': 1},0,100000.0,0.0,0.0,,,,,False
332,332,"[{'max_rr': 10.0, 'min_rr': 1.0, 'atr_dist_for_liq_generation': 2.6, 'liq_move_away_atr': 4.0}]",{'hold_bars': 2},0,100000.0,0.0,0.0,,,,,False
333,333,"[{'max_rr': 10.0, 'min_rr': 1.0, 'atr_dist_for_liq_generation': 2.6, 'liq_move_away_atr': 4.0}]",{'hold_bars': 3},0,100000.0,0.0,0.0,,,,,False
334,334,"[{'max_rr': 10.0, 'min_rr': 1.0, 'atr_dist_for_liq_generation': 2.6, 'liq_move_away_atr': 4.0}]",{'hold_bars': 4},0,100000.0,0.0,0.0,,,,,False
335,335,"[{'max_rr': 10.0, 'min_rr': 1.0, 'atr_dist_for_liq_generation': 2.6, 'liq_move_away_atr': 4.0}]",{'hold_bars': 5},0,100000.0,0.0,0.0,,,,,False
336,336,"[{'max_rr': 10.0, 'min_rr': 1.0, 'atr_dist_for_liq_generation': 2.6, 'liq_move_away_atr': 4.5}]",{'hold_bars': 1},0,100000.0,0.0,0.0,,,,,False
337,337,"[{'max_rr': 10.0, 'min_rr': 1.0, 'atr_dist_for_liq_generation': 2.6, 'liq_move_away_atr': 4.5}]",{'hold_bars': 2},0,100000.0,0.0,0.0,,,,,False
338,338,"[{'max_rr': 10.0, 'min_rr': 1.0, 'atr_dist_for_liq_generation': 2.6, 'liq_move_away_atr': 4.5}]",{'hold_bars': 3},0,100000.0,0.0,0.0,,,,,False
339,339,"[{'max_rr': 10.0, 'min_rr': 1.0, 'atr_dist_for_liq_generation': 2.6, 'liq_move_away_atr': 4.5}]",{'hold_bars': 4},0,100000.0,0.0,0.0,,,,,False
340,340,"[{'max_rr': 10.0, 'min_rr': 1.0, 'atr_dist_for_liq_generation': 2.6, 'liq_move_away_atr': 4.5}]",{'hold_bars': 5},0,100000.0,0.0,0.0,,,,,False
341,341,"[{'max_rr': 10.0, 'min_rr': 1.0, 'atr_dist_for_liq_generation': 2.6, 'liq_move_away_atr': 5.0}]",{'hold_bars': 1},0,100000.0,0.0,0.0,,,,,False
342,342,"[{'max_rr': 10.0, 'min_rr': 1.0, 'atr_dist_for_liq_generation': 2.6, 'liq_move_away_atr': 5.0}]",{'hold_bars': 2},0,100000.0,0.0,0.0,,,,,False
343,343,"[{'max_rr': 10.0, 'min_rr': 1.0, 'atr_dist_for_liq_generation': 2.6, 'liq_move_away_atr': 5.0}]",{'hold_bars': 3},0,100000.0,0.0,0.0,,,,,False
344,344,"[{'max_rr': 10.0, 'min_rr': 1.0, 'atr_dist_for_liq_generation': 2.6, 'liq_move_away_atr': 5.0}]",{'hold_bars': 4},0,100000.0,0.0,0.0,,,,,False
345,345,"[{'max_rr': 10.0, 'min_rr': 1.0, 'atr_dist_for_liq_generation': 2.6, 'liq_move_away_atr': 5.0}]",{'hold_bars': 5},0,100000.0,0.0,0.0,,,,,False
346,346,"[{'max_rr': 10.0, 'min_rr': 1.0, 'atr_dist_for_liq_generation': 2.6, 'liq_move_away_atr': 5.5}]",{'hold_bars': 1},0,100000.0,0.0,0.0,,,,,False
347,347,"[{'max_rr': 10.0, 'min_rr': 1.0, 'atr_dist_for_liq_generation': 2.6, 'liq_move_away_atr': 5.5}]",{'hold_bars': 2},0,100000.0,0.0,0.0,,,,,False
348,348,"[{'max_rr': 10.0, 'min_rr': 1.0, 'atr_dist_for_liq_generation': 2.6, 'liq_move_away_atr': 5.5}]",{'hold_bars': 3},0,100000.0,0.0,0.0,,,,,False
349,349,"[{'max_rr': 10.0, 'min_rr': 1.0, 'atr_dist_for_liq_generation': 2.6, 'liq_move_away_atr': 5.5}]",{'hold_bars': 4},0,100000.0,0.0,0.0,,,,,False
350,350,"[{'max_rr': 10.0, 'min_rr': 1.0, 'atr_dist_for_liq_generation': 2.6, 'liq_move_away_atr': 5.5}]",{'hold_bars': 5},0,100000.0,0.0,0.0,,,,,False
351,351,"[{'max_rr': 10.0, 'min_rr': 1.0, 'atr_dist_for_liq_generation': 2.8, 'liq_move_away_atr': 1.0}]",{'hold_bars': 1},0,100000.0,0.0,0.0,,,,,False
352,352,"[{'max_rr': 10.0, 'min_rr': 1.0, 'atr_dist_for_liq_generation': 2.8, 'liq_move_away_atr': 1.0}]",{'hold_bars': 2},0,100000.0,0.0,0.0,,,,,False
353,353,"[{'max_rr': 10.0, 'min_rr': 1.0, 'atr_dist_for_liq_generation': 2.8, 'liq_move_away_atr': 1.0}]",{'hold_bars': 3},0,100000.0,0.0,0.0,,,,,False
354,354,"[{'max_rr': 10.0, 'min_rr': 1.0, 'atr_dist_for_liq_generation': 2.8, 'liq_move_away_atr': 1.0}]",{'hold_bars': 4},0,100000.0,0.0,0.0,,,,,False
355,355,"[{'max_rr': 10.0, 'min_rr': 1.0, 'atr_dist_for_liq_generation': 2.8, 'liq_move_away_atr': 1.0}]",{'hold_bars': 5},0,100000.0,0.0,0.0,,,,,False
356,356,"[{'max_rr': 10.0, 'min_rr': 1.0, 'atr_dist_for_liq_generation': 2.8, 'liq_move_away_atr': 1.5}]",{'hold_bars': 1},0,100000.0,0.0,0.0,,,,,False
357,357,"[{'max_rr': 10.0, 'min_rr': 1.0, 'atr_dist_for_liq_generation': 2.8, 'liq_move_away_atr': 1.5}]",{'hold_bars': 2},0,100000.0,0.0,0.0,,,,,False
358,358,"[{'max_rr': 10.0, 'min_rr': 1.0, 'atr_dist_for_liq_generation': 2.8, 'liq_move_away_atr': 1.5}]",{'hold_bars': 3},0,100000.0,0.0,0.0,,,,,False
359,359,"[{'max_rr': 10.0, 'min_rr': 1.0, 'atr_dist_for_liq_generation': 2.8, 'liq_move_away_atr': 1.5}]",{'hold_bars': 4},0,100000.0,0.0,0.0,,,,,False
360,360,"[{'max_rr': 10.0, 'min_rr': 1.0, 'atr_dist_for_liq_generation': 2.8, 'liq_move_away_atr': 1.5}]",{'hold_bars': 5},0,100000.0,0.0,0.0,,,,,False
361,361,"[{'max_rr': 10.0, 'min_rr': 1.0, 'atr_dist_for_liq_generation': 2.8, 'liq_move_away_atr': 2.0}]",{'hold_bars': 1},0,100000.0,0.0,0.0,,,,,False
362,362,"[{'max_rr': 10.0, 'min_rr': 1.0, 'atr_dist_for_liq_generation': 2.8, 'liq_move_away_atr': 2.0}]",{'hold_bars': 2},0,100000.0,0.0,0.0,,,,,False
363,363,"[{'max_rr': 10.0, 'min_rr': 1.0, 'atr_dist_for_liq_generation': 2.8, 'liq_move_away_atr': 2.0}]",{'hold_bars': 3},0,100000.0,0.0,0.0,,,,,False
364,364,"[{'max_rr': 10.0, 'min_rr': 1.0, 'atr_dist_for_liq_generation': 2.8, 'liq_move_away_atr': 2.0}]",{'hold_bars': 4},0,100000.0,0.0,0.0,,,,,False
365,365,"[{'max_rr': 10.0, 'min_rr': 1.0, 'atr_dist_for_liq_generation': 2.8, 'liq_move_away_atr': 2.0}]",{'hold_bars': 5},0,100000.0,0.0,0.0,,,,,False
366,366,"[{'max_rr': 10.0, 'min_rr': 1.0, 'atr_dist_for_liq_generation': 2.8, 'liq_move_away_atr': 2.5}]",{'hold_bars': 1},0,100000.0,0.0,0.0,,,,,False
367,367,"[{'max_rr': 10.0, 'min_rr': 1.0, 'atr_dist_for_liq_generation': 2.8, 'liq_move_away_atr': 2.5}]",{'hold_bars': 2},0,100000.0,0.0,0.0,,,,,False
368,368,"[{'max_rr': 10.0, 'min_rr': 1.0, 'atr_dist_for_liq_generation': 2.8, 'liq_move_away_atr': 2.5}]",{'hold_bars': 3},0,100000.0,0.0,0.0,,,,,False
369,369,"[{'max_rr': 10.0, 'min_rr': 1.0, 'atr_dist_for_liq_generation': 2.8, 'liq_move_away_atr': 2.5}]",{'hold_bars': 4},0,100000.0,0.0,0.0,,,,,False
370,370,"[{'max_rr': 10.0, 'min_rr': 1.0, 'atr_dist_for_liq_generation': 2.8, 'liq_move_away_atr': 2.5}]",{'hold_bars': 5},0,100000.0,0.0,0.0,,,,,False
371,371,"[{'max_rr': 10.0, 'min_rr': 1.0, 'atr_dist_for_liq_generation': 2.8, 'liq_move_away_atr': 3.0}]",{'hold_bars': 1},0,100000.0,0.0,0.0,,,,,False
372,372,"[{'max_rr': 10.0, 'min_rr': 1.0, 'atr_dist_for_liq_generation': 2.8, 'liq_move_away_atr': 3.0}]",{'hold_bars': 2},0,100000.0,0.0,0.0,,,,,False
373,373,"[{'max_rr': 10.0, 'min_rr': 1.0, 'atr_dist_for_liq_generation': 2.8, 'liq_move_away_atr': 3.0}]",{'hold_bars': 3},0,100000.0,0.0,0.0,,,,,False
374,374,"[{'max_rr': 10.0, 'min_rr': 1.0, 'atr_dist_for_liq_generation': 2.8, 'liq_move_away_atr': 3.0}]",{'hold_bars': 4},0,100000.0,0.0,0.0,,,,,False
375,375,"[{'max_rr': 10.0, 'min_rr': 1.0, 'atr_dist_for_liq_generation': 2.8, 'liq_move_away_atr': 3.0}]",{'hold_bars': 5},0,100000.0,0.0,0.0,,,,,False
376,376,"[{'max_rr': 10.0, 'min_rr': 1.0, 'atr_dist_for_liq_generation': 2.8, 'liq_move_away_atr': 3.5}]",{'hold_bars': 1},0,100000.0,0.0,0.0,,,,,False
377,377,"[{'max_rr': 10.0, 'min_rr': 1.0, 'atr_dist_for_liq_generation': 2.8, 'liq_move_away_atr': 3.5}]",{'hold_bars': 2},0,100000.0,0.0,0.0,,,,,False
378,378,"[{'max_rr': 10.0, 'min_rr': 1.0, 'atr_dist_for_liq_generation': 2.8, 'liq_move_away_atr': 3.5}]",{'hold_bars': 3},0,100000.0,0.0,0.0,,,,,False
379,379,"[{'max_rr': 10.0, 'min_rr': 1.0, 'atr_dist_for_liq_generation': 2.8, 'liq_move_away_atr': 3.5}]",{'hold_bars': 4},0,100000.0,0.0,0.0,,,,,False
380,380,"[{'max_rr': 10.0, 'min_rr': 1.0, 'atr_dist_for_liq_generation': 2.8, 'liq_move_away_atr': 3.5}]",{'hold_bars': 5},0,100000.0,0.0,0.0,,,,,False
381,381,"[{'max_rr': 10.0, 'min_rr': 1.0, 'atr_dist_for_liq_generation': 2.8, 'liq_move_away_atr': 4.0}]",{'hold_bars': 1},0,100000.0,0.0,0.0,,,,,False
382,382,"[{'max_rr': 10.0, 'min_rr': 1.0, 'atr_dist_for_liq_generation': 2.8, 'liq_move_away_atr': 4.0}]",{'hold_bars': 2},0,100000.0,0.0,0.0,,,,,False
383,383,"[{'max_rr': 10.0, 'min_rr': 1.0, 'atr_dist_for_liq_generation': 2.8, 'liq_move_away_atr': 4.0}]",{'hold_bars': 3},0,100000.0,0.0,0.0,,,,,False
384,384,"[{'max_rr': 10.0, 'min_rr': 1.0, 'atr_dist_for_liq_generation': 2.8, 'liq_move_away_atr': 4.0}]",{'hold_bars': 4},0,100000.0,0.0,0.0,,,,,False
385,385,"[{'max_rr': 10.0, 'min_rr': 1.0, 'atr_dist_for_liq_generation': 2.8, 'liq_move_away_atr': 4.0}]",{'hold_bars': 5},0,100000.0,0.0,0.0,,,,,False
386,386,"[{'max_rr': 10.0, 'min_rr': 1.0, 'atr_dist_for_liq_generation': 2.8, 'liq_move_away_atr': 4.5}]",{'hold_bars': 1},0,100000.0,0.0,0.0,,,,,False
387,387,"[{'max_rr': 10.0, 'min_rr': 1.0, 'atr_dist_for_liq_generation': 2.8, 'liq_move_away_atr': 4.5}]",{'hold_bars': 2},0,100000.0,0.0,0.0,,,,,False
388,388,"[{'max_rr': 10.0, 'min_rr': 1.0, 'atr_dist_for_liq_generation': 2.8, 'liq_move_away_atr': 4.5}]",{'hold_bars': 3},0,100000.0,0.0,0.0,,,,,False
389,389,"[{'max_rr': 10.0, 'min_rr': 1.0, 'atr_dist_for_liq_generation': 2.8, 'liq_move_away_atr': 4.5}]",{'hold_bars': 4},0,100000.0,0.0,0.0,,,,,False
390,390,"[{'max_rr': 10.0, 'min_rr': 1.0, 'atr_dist_for_liq_generation': 2.8, 'liq_move_away_atr': 4.5}]",{'hold_bars': 5},0,100000.0,0.0,0.0,,,,,False
391,391,"[{'max_rr': 10.0, 'min_rr': 1.0, 'atr_dist_for_liq_generation': 2.8, 'liq_move_away_atr': 5.0}]",{'hold_bars': 1},0,100000.0,0.0,0.0,,,,,False
392,392,"[{'max_rr': 10.0, 'min_rr': 1.0, 'atr_dist_for_liq_generation': 2.8, 'liq_move_away_atr': 5.0}]",{'hold_bars': 2},0,100000.0,0.0,0.0,,,,,False
393,393,"[{'max_rr': 10.0, 'min_rr': 1.0, 'atr_dist_for_liq_generation': 2.8, 'liq_move_away_atr': 5.0}]",{'hold_bars': 3},0,100000.0,0.0,0.0,,,,,False
394,394,"[{'max_rr': 10.0, 'min_rr': 1.0, 'atr_dist_for_liq_generation': 2.8, 'liq_move_away_atr': 5.0}]",{'hold_bars': 4},0,100000.0,0.0,0.0,,,,,False
395,395,"[{'max_rr': 10.0, 'min_rr': 1.0, 'atr_dist_for_liq_generation': 2.8, 'liq_move_away_atr': 5.0}]",{'hold_bars': 5},0,100000.0,0.0,0.0,,,,,False
396,396,"[{'max_rr': 10.0, 'min_rr': 1.0, 'atr_dist_for_liq_generation': 2.8, 'liq_move_away_atr': 5.5}]",{'hold_bars': 1},0,100000.0,0.0,0.0,,,,,False
397,397,"[{'max_rr': 10.0, 'min_rr': 1.0, 'atr_dist_for_liq_generation': 2.8, 'liq_move_away_atr': 5.5}]",{'hold_bars': 2},0,100000.0,0.0,0.0,,,,,False
398,398,"[{'max_rr': 10.0, 'min_rr': 1.0, 'atr_dist_for_liq_generation': 2.8, 'liq_move_away_atr': 5.5}]",{'hold_bars': 3},0,100000.0,0.0,0.0,,,,,False
399,399,"[{'max_rr': 10.0, 'min_rr': 1.0, 'atr_dist_for_liq_generation': 2.8, 'liq_move_away_atr': 5.5}]",{'hold_bars': 4},0,100000.0,0.0,0.0,,,,,False
400,400,"[{'max_rr': 10.0, 'min_rr': 1.0, 'atr_dist_for_liq_generation': 2.8, 'liq_move_away_atr': 5.5}]",{'hold_bars': 5},0,100000.0,0.0,0.0,,,,,False
401,401,"[{'max_rr': 10.0, 'min_rr': 1.0, 'atr_dist_for_liq_generation': 3.0, 'liq_move_away_atr': 1.0}]",{'hold_bars': 1},0,100000.0,0.0,0.0,,,,,False
402,402,"[{'max_rr': 10.0, 'min_rr': 1.0, 'atr_dist_for_liq_generation': 3.0, 'liq_move_away_atr': 1.0}]",{'hold_bars': 2},0,100000.0,0.0,0.0,,,,,False
403,403,"[{'max_rr': 10.0, 'min_rr': 1.0, 'atr_dist_for_liq_generation': 3.0, 'liq_move_away_atr': 1.0}]",{'hold_bars': 3},0,100000.0,0.0,0.0,,,,,False
404,404,"[{'max_rr': 10.0, 'min_rr': 1.0, 'atr_dist_for_liq_generation': 3.0, 'liq_move_away_atr': 1.0}]",{'hold_bars': 4},0,100000.0,0.0,0.0,,,,,False
405,405,"[{'max_rr': 10.0, 'min_rr': 1.0, 'atr_dist_for_liq_generation': 3.0, 'liq_move_away_atr': 1.0}]",{'hold_bars': 5},0,100000.0,0.0,0.0,,,,,False
406,406,"[{'max_rr': 10.0, 'min_rr': 1.0, 'atr_dist_for_liq_generation': 3.0, 'liq_move_away_atr': 1.5}]",{'hold_bars': 1},0,100000.0,0.0,0.0,,,,,False
407,407,"[{'max_rr': 10.0, 'min_rr': 1.0, 'atr_dist_for_liq_generation': 3.0, 'liq_move_away_atr': 1.5}]",{'hold_bars': 2},0,100000.0,0.0,0.0,,,,,False
408,408,"[{'max_rr': 10.0, 'min_rr': 1.0, 'atr_dist_for_liq_generation': 3.0, 'liq_move_away_atr': 1.5}]",{'hold_bars': 3},0,100000.0,0.0,0.0,,,,,False
409,409,"[{'max_rr': 10.0, 'min_rr': 1.0, 'atr_dist_for_liq_generation': 3.0, 'liq_move_away_atr': 1.5}]",{'hold_bars': 4},0,100000.0,0.0,0.0,,,,,False
410,410,"[{'max_rr': 10.0, 'min_rr': 1.0, 'atr_dist_for_liq_generation': 3.0, 'liq_move_away_atr': 1.5}]",{'hold_bars': 5},0,100000.0,0.0,0.0,,,,,False
411,411,"[{'max_rr': 10.0, 'min_rr': 1.0, 'atr_dist_for_liq_generation': 3.0, 'liq_move_away_atr': 2.0}]",{'hold_bars': 1},0,100000.0,0.0,0.0,,,,,False
412,412,"[{'max_rr': 10.0, 'min_rr': 1.0, 'atr_dist_for_liq_generation': 3.0, 'liq_move_away_atr': 2.0}]",{'hold_bars': 2},0,100000.0,0.0,0.0,,,,,False
413,413,"[{'max_rr': 10.0, 'min_rr': 1.0, 'atr_dist_for_liq_generation': 3.0, 'liq_move_away_atr': 2.0}]",{'hold_bars': 3},0,100000.0,0.0,0.0,,,,,False
414,414,"[{'max_rr': 10.0, 'min_rr': 1.0, 'atr_dist_for_liq_generation': 3.0, 'liq_move_away_atr': 2.0}]",{'hold_bars': 4},0,100000.0,0.0,0.0,,,,,False
415,415,"[{'max_rr': 10.0, 'min_rr': 1.0, 'atr_dist_for_liq_generation': 3.0, 'liq_move_away_atr': 2.0}]",{'hold_bars': 5},0,100000.0,0.0,0.0,,,,,False
416,416,"[{'max_rr': 10.0, 'min_rr': 1.0, 'atr_dist_for_liq_generation': 3.0, 'liq_move_away_atr': 2.5}]",{'hold_bars': 1},0,100000.0,0.0,0.0,,,,,False
417,417,"[{'max_rr': 10.0, 'min_rr': 1.0, 'atr_dist_for_liq_generation': 3.0, 'liq_move_away_atr': 2.5}]",{'hold_bars': 2},0,100000.0,0.0,0.0,,,,,False
418,418,"[{'max_rr': 10.0, 'min_rr': 1.0, 'atr_dist_for_liq_generation': 3.0, 'liq_move_away_atr': 2.5}]",{'hold_bars': 3},0,100000.0,0.0,0.0,,,,,False
419,419,"[{'max_rr': 10.0, 'min_rr': 1.0, 'atr_dist_for_liq_generation': 3.0, 'liq_move_away_atr': 2.5}]",{'hold_bars': 4},0,100000.0,0.0,0.0,,,,,False
420,420,"[{'max_rr': 10.0, 'min_rr': 1.0, 'atr_dist_for_liq_generation': 3.0, 'liq_move_away_atr': 2.5}]",{'hold_bars': 5},0,100000.0,0.0,0.0,,,,,False
421,421,"[{'max_rr': 10.0, 'min_rr': 1.0, 'atr_dist_for_liq_generation': 3.0, 'liq_move_away_atr': 3.0}]",{'hold_bars': 1},0,100000.0,0.0,0.0,,,,,False
422,422,"[{'max_rr': 10.0, 'min_rr': 1.0, 'atr_dist_for_liq_generation': 3.0, 'liq_move_away_atr': 3.0}]",{'hold_bars': 2},0,100000.0,0.0,0.0,,,,,False
423,423,"[{'max_rr': 10.0, 'min_rr': 1.0, 'atr_dist_for_liq_generation': 3.0, 'liq_move_away_atr': 3.0}]",{'hold_bars': 3},0,100000.0,0.0,0.0,,,,,False
424,424,"[{'max_rr': 10.0, 'min_rr': 1.0, 'atr_dist_for_liq_generation': 3.0, 'liq_move_away_atr': 3.0}]",{'hold_bars': 4},0,100000.0,0.0,0.0,,,,,False
425,425,"[{'max_rr': 10.0, 'min_rr': 1.0, 'atr_dist_for_liq_generation': 3.0, 'liq_move_away_atr': 3.0}]",{'hold_bars': 5},0,100000.0,0.0,0.0,,,,,False
426,426,"[{'max_rr': 10.0, 'min_rr': 1.0, 'atr_dist_for_liq_generation': 3.0, 'liq_move_away_atr': 3.5}]",{'hold_bars': 1},0,100000.0,0.0,0.0,,,,,False
427,427,"[{'max_rr': 10.0, 'min_rr': 1.0, 'atr_dist_for_liq_generation': 3.0, 'liq_move_away_atr': 3.5}]",{'hold_bars': 2},0,100000.0,0.0,0.0,,,,,False
428,428,"[{'max_rr': 10.0, 'min_rr': 1.0, 'atr_dist_for_liq_generation': 3.0, 'liq_move_away_atr': 3.5}]",{'hold_bars': 3},0,100000.0,0.0,0.0,,,,,False
429,429,"[{'max_rr': 10.0, 'min_rr': 1.0, 'atr_dist_for_liq_generation': 3.0, 'liq_move_away_atr': 3.5}]",{'hold_bars': 4},0,100000.0,0.0,0.0,,,,,False
430,430,"[{'max_rr': 10.0, 'min_rr': 1.0, 'atr_dist_for_liq_generation': 3.0, 'liq_move_away_atr': 3.5}]",{'hold_bars': 5},0,100000.0,0.0,0.0,,,,,False
431,431,"[{'max_rr': 10.0, 'min_rr': 1.0, 'atr_dist_for_liq_generation': 3.0, 'liq_move_away_atr': 4.0}]",{'hold_bars': 1},0,100000.0,0.0,0.0,,,,,False
432,432,"[{'max_rr': 10.0, 'min_rr': 1.0, 'atr_dist_for_liq_generation': 3.0, 'liq_move_away_atr': 4.0}]",{'hold_bars': 2},0,100000.0,0.0,0.0,,,,,False
433,433,"[{'max_rr': 10.0, 'min_rr': 1.0, 'atr_dist_for_liq_generation': 3.0, 'liq_move_away_atr': 4.0}]",{'hold_bars': 3},0,100000.0,0.0,0.0,,,,,False
434,434,"[{'max_rr': 10.0, 'min_rr': 1.0, 'atr_dist_for_liq_generation': 3.0, 'liq_move_away_atr': 4.0}]",{'hold_bars': 4},0,100000.0,0.0,0.0,,,,,False
435,435,"[{'max_rr': 10.0, 'min_rr': 1.0, 'atr_dist_for_liq_generation': 3.0, 'liq_move_away_atr': 4.0}]",{'hold_bars': 5},0,100000.0,0.0,0.0,,,,,False
436,436,"[{'max_rr': 10.0, 'min_rr': 1.0, 'atr_dist_for_liq_generation': 3.0, 'liq_move_away_atr': 4.5}]",{'hold_bars': 1},0,100000.0,0.0,0.0,,,,,False
437,437,"[{'max_rr': 10.0, 'min_rr': 1.0, 'atr_dist_for_liq_generation': 3.0, 'liq_move_away_atr': 4.5}]",{'hold_bars': 2},0,100000.0,0.0,0.0,,,,,False
438,438,"[{'max_rr': 10.0, 'min_rr': 1.0, 'atr_dist_for_liq_generation': 3.0, 'liq_move_away_atr': 4.5}]",{'hold_bars': 3},0,100000.0,0.0,0.0,,,,,False
439,439,"[{'max_rr': 10.0, 'min_rr': 1.0, 'atr_dist_for_liq_generation': 3.0, 'liq_move_away_atr': 4.5}]",{'hold_bars': 4},0,100000.0,0.0,0.0,,,,,False
440,440,"[{'max_rr': 10.0, 'min_rr': 1.0, 'atr_dist_for_liq_generation': 3.0, 'liq_move_away_atr': 4.5}]",{'hold_bars': 5},0,100000.0,0.0,0.0,,,,,False
441,441,"[{'max_rr': 10.0, 'min_rr': 1.0, 'atr_dist_for_liq_generation': 3.0, 'liq_move_away_atr': 5.0}]",{'hold_bars': 1},0,100000.0,0.0,0.0,,,,,False
442,442,"[{'max_rr': 10.0, 'min_rr': 1.0, 'atr_dist_for_liq_generation': 3.0, 'liq_move_away_atr': 5.0}]",{'hold_bars': 2},0,100000.0,0.0,0.0,,,,,False
443,443,"[{'max_rr': 10.0, 'min_rr': 1.0, 'atr_dist_for_liq_generation': 3.0, 'liq_move_away_atr': 5.0}]",{'hold_bars': 3},0,100000.0,0.0,0.0,,,,,False
444,444,"[{'max_rr': 10.0, 'min_rr': 1.0, 'atr_dist_for_liq_generation': 3.0, 'liq_move_away_atr': 5.0}]",{'hold_bars': 4},0,100000.0,0.0,0.0,,,,,False
445,445,"[{'max_rr': 10.0, 'min_rr': 1.0, 'atr_dist_for_liq_generation': 3.0, 'liq_move_away_atr': 5.0}]",{'hold_bars': 5},0,100000.0,0.0,0.0,,,,,False
446,446,"[{'max_rr': 10.0, 'min_rr': 1.0, 'atr_dist_for_liq_generation': 3.0, 'liq_move_away_atr': 5.5}]",{'hold_bars': 1},0,100000.0,0.0,0.0,,,,,False
447,447,"[{'max_rr': 10.0, 'min_rr': 1.0, 'atr_dist_for_liq_generation': 3.0, 'liq_move_away_atr': 5.5}]",{'hold_bars': 2},0,100000.0,0.0,0.0,,,,,False
448,448,"[{'max_rr': 10.0, 'min_rr': 1.0, 'atr_dist_for_liq_generation': 3.0, 'liq_move_away_atr': 5.5}]",{'hold_bars': 3},0,100000.0,0.0,0.0,,,,,False
449,449,"[{'max_rr': 10.0, 'min_rr': 1.0, 'atr_dist_for_liq_generation': 3.0, 'liq_move_away_atr': 5.5}]",{'hold_bars': 4},0,100000.0,0.0,0.0,,,,,False
450,450,"[{'max_rr': 10.0, 'min_rr': 1.0, 'atr_dist_for_liq_generation': 3.0, 'liq_move_away_atr': 5.5}]",{'hold_bars': 5},0,100000.0,0.0,0.0,,,,,False
451,451,"[{'max_rr': 10.0, 'min_rr': 1.0, 'atr_dist_for_liq_generation': 3.2, 'liq_move_away_atr': 1.0}]",{'hold_bars': 1},0,100000.0,0.0,0.0,,,,,False
452,452,"[{'max_rr': 10.0, 'min_rr': 1.0, 'atr_dist_for_liq_generation': 3.2, 'liq_move_away_atr': 1.0}]",{'hold_bars': 2},0,100000.0,0.0,0.0,,,,,False
453,453,"[{'max_rr': 10.0, 'min_rr': 1.0, 'atr_dist_for_liq_generation': 3.2, 'liq_move_away_atr': 1.0}]",{'hold_bars': 3},0,100000.0,0.0,0.0,,,,,False
454,454,"[{'max_rr': 10.0, 'min_rr': 1.0, 'atr_dist_for_liq_generation': 3.2, 'liq_move_away_atr': 1.0}]",{'hold_bars': 4},0,100000.0,0.0,0.0,,,,,False
455,455,"[{'max_rr': 10.0, 'min_rr': 1.0, 'atr_dist_for_liq_generation': 3.2, 'liq_move_away_atr': 1.0}]",{'hold_bars': 5},0,100000.0,0.0,0.0,,,,,False
456,456,"[{'max_rr': 10.0, 'min_rr': 1.0, 'atr_dist_for_liq_generation': 3.2, 'liq_move_away_atr': 1.5}]",{'hold_bars': 1},0,100000.0,0.0,0.0,,,,,False
457,457,"[{'max_rr': 10.0, 'min_rr': 1.0, 'atr_dist_for_liq_generation': 3.2, 'liq_move_away_atr': 1.5}]",{'hold_bars': 2},0,100000.0,0.0,0.0,,,,,False
458,458,"[{'max_rr': 10.0, 'min_rr': 1.0, 'atr_dist_for_liq_generation': 3.2, 'liq_move_away_atr': 1.5}]",{'hold_bars': 3},0,100000.0,0.0,0.0,,,,,False
459,459,"[{'max_rr': 10.0, 'min_rr': 1.0, 'atr_dist_for_liq_generation': 3.2, 'liq_move_away_atr': 1.5}]",{'hold_bars': 4},0,100000.0,0.0,0.0,,,,,False
460,460,"[{'max_rr': 10.0, 'min_rr': 1.0, 'atr_dist_for_liq_generation': 3.2, 'liq_move_away_atr': 1.5}]",{'hold_bars': 5},0,100000.0,0.0,0.0,,,,,False
461,461,"[{'max_rr': 10.0, 'min_rr': 1.0, 'atr_dist_for_liq_generation': 3.2, 'liq_move_away_atr': 2.0}]",{'hold_bars': 1},0,100000.0,0.0,0.0,,,,,False
462,462,"[{'max_rr': 10.0, 'min_rr': 1.0, 'atr_dist_for_liq_generation': 3.2, 'liq_move_away_atr': 2.0}]",{'hold_bars': 2},0,100000.0,0.0,0.0,,,,,False
463,463,"[{'max_rr': 10.0, 'min_rr': 1.0, 'atr_dist_for_liq_generation': 3.2, 'liq_move_away_atr': 2.0}]",{'hold_bars': 3},0,100000.0,0.0,0.0,,,,,False
464,464,"[{'max_rr': 10.0, 'min_rr': 1.0, 'atr_dist_for_liq_generation': 3.2, 'liq_move_away_atr': 2.0}]",{'hold_bars': 4},0,100000.0,0.0,0.0,,,,,False
465,465,"[{'max_rr': 10.0, 'min_rr': 1.0, 'atr_dist_for_liq_generation': 3.2, 'liq_move_away_atr': 2.0}]",{'hold_bars': 5},0,100000.0,0.0,0.0,,,,,False
466,466,"[{'max_rr': 10.0, 'min_rr': 1.0, 'atr_dist_for_liq_generation': 3.2, 'liq_move_away_atr': 2.5}]",{'hold_bars': 1},0,100000.0,0.0,0.0,,,,,False
467,467,"[{'max_rr': 10.0, 'min_rr': 1.0, 'atr_dist_for_liq_generation': 3.2, 'liq_move_away_atr': 2.5}]",{'hold_bars': 2},0,100000.0,0.0,0.0,,,,,False
468,468,"[{'max_rr': 10.0, 'min_rr': 1.0, 'atr_dist_for_liq_generation': 3.2, 'liq_move_away_atr': 2.5}]",{'hold_bars': 3},0,100000.0,0.0,0.0,,,,,False
469,469,"[{'max_rr': 10.0, 'min_rr': 1.0, 'atr_dist_for_liq_generation': 3.2, 'liq_move_away_atr': 2.5}]",{'hold_bars': 4},0,100000.0,0.0,0.0,,,,,False
470,470,"[{'max_rr': 10.0, 'min_rr': 1.0, 'atr_dist_for_liq_generation': 3.2, 'liq_move_away_atr': 2.5}]",{'hold_bars': 5},0,100000.0,0.0,0.0,,,,,False
471,471,"[{'max_rr': 10.0, 'min_rr': 1.0, 'atr_dist_for_liq_generation': 3.2, 'liq_move_away_atr': 3.0}]",{'hold_bars': 1},0,100000.0,0.0,0.0,,,,,False
472,472,"[{'max_rr': 10.0, 'min_rr': 1.0, 'atr_dist_for_liq_generation': 3.2, 'liq_move_away_atr': 3.0}]",{'hold_bars': 2},0,100000.0,0.0,0.0,,,,,False
473,473,"[{'max_rr': 10.0, 'min_rr': 1.0, 'atr_dist_for_liq_generation': 3.2, 'liq_move_away_atr': 3.0}]",{'hold_bars': 3},0,100000.0,0.0,0.0,,,,,False
474,474,"[{'max_rr': 10.0, 'min_rr': 1.0, 'atr_dist_for_liq_generation': 3.2, 'liq_move_away_atr': 3.0}]",{'hold_bars': 4},0,100000.0,0.0,0.0,,,,,False
475,475,"[{'max_rr': 10.0, 'min_rr': 1.0, 'atr_dist_for_liq_generation': 3.2, 'liq_move_away_atr': 3.0}]",{'hold_bars': 5},0,100000.0,0.0,0.0,,,,,False
476,476,"[{'max_rr': 10.0, 'min_rr': 1.0, 'atr_dist_for_liq_generation': 3.2, 'liq_move_away_atr': 3.5}]",{'hold_bars': 1},0,100000.0,0.0,0.0,,,,,False
477,477,"[{'max_rr': 10.0, 'min_rr': 1.0, 'atr_dist_for_liq_generation': 3.2, 'liq_move_away_atr': 3.5}]",{'hold_bars': 2},0,100000.0,0.0,0.0,,,,,False
478,478,"[{'max_rr': 10.0, 'min_rr': 1.0, 'atr_dist_for_liq_generation': 3.2, 'liq_move_away_atr': 3.5}]",{'hold_bars': 3},0,100000.0,0.0,0.0,,,,,False
479,479,"[{'max_rr': 10.0, 'min_rr': 1.0, 'atr_dist_for_liq_generation': 3.2, 'liq_move_away_atr': 3.5}]",{'hold_bars': 4},0,100000.0,0.0,0.0,,,,,False
480,480,"[{'max_rr': 10.0, 'min_rr': 1.0, 'atr_dist_for_liq_generation': 3.2, 'liq_move_away_atr': 3.5}]",{'hold_bars': 5},0,100000.0,0.0,0.0,,,,,False
481,481,"[{'max_rr': 10.0, 'min_rr': 1.0, 'atr_dist_for_liq_generation': 3.2, 'liq_move_away_atr': 4.0}]",{'hold_bars': 1},0,100000.0,0.0,0.0,,,,,False
482,482,"[{'max_rr': 10.0, 'min_rr': 1.0, 'atr_dist_for_liq_generation': 3.2, 'liq_move_away_atr': 4.0}]",{'hold_bars': 2},0,100000.0,0.0,0.0,,,,,False
483,483,"[{'max_rr': 10.0, 'min_rr': 1.0, 'atr_dist_for_liq_generation': 3.2, 'liq_move_away_atr': 4.0}]",{'hold_bars': 3},0,100000.0,0.0,0.0,,,,,False
484,484,"[{'max_rr': 10.0, 'min_rr': 1.0, 'atr_dist_for_liq_generation': 3.2, 'liq_move_away_atr': 4.0}]",{'hold_bars': 4},0,100000.0,0.0,0.0,,,,,False
485,485,"[{'max_rr': 10.0, 'min_rr': 1.0, 'atr_dist_for_liq_generation': 3.2, 'liq_move_away_atr': 4.0}]",{'hold_bars': 5},0,100000.0,0.0,0.0,,,,,False
486,486,"[{'max_rr': 10.0, 'min_rr': 1.0, 'atr_dist_for_liq_generation': 3.2, 'liq_move_away_atr': 4.5}]",{'hold_bars': 1},0,100000.0,0.0,0.0,,,,,False
487,487,"[{'max_rr': 10.0, 'min_rr': 1.0, 'atr_dist_for_liq_generation': 3.2, 'liq_move_away_atr': 4.5}]",{'hold_bars': 2},0,100000.0,0.0,0.0,,,,,False
488,488,"[{'max_rr': 10.0, 'min_rr': 1.0, 'atr_dist_for_liq_generation': 3.2, 'liq_move_away_atr': 4.5}]",{'hold_bars': 3},0,100000.0,0.0,0.0,,,,,False
489,489,"[{'max_rr': 10.0, 'min_rr': 1.0, 'atr_dist_for_liq_generation': 3.2, 'liq_move_away_atr': 4.5}]",{'hold_bars': 4},0,100000.0,0.0,0.0,,,,,False
490,490,"[{'max_rr': 10.0, 'min_rr': 1.0, 'atr_dist_for_liq_generation': 3.2, 'liq_move_away_atr': 4.5}]",{'hold_bars': 5},0,100000.0,0.0,0.0,,,,,False
491,491,"[{'max_rr': 10.0, 'min_rr': 1.0, 'atr_dist_for_liq_generation': 3.2, 'liq_move_away_atr': 5.0}]",{'hold_bars': 1},0,100000.0,0.0,0.0,,,,,False
492,492,"[{'max_rr': 10.0, 'min_rr': 1.0, 'atr_dist_for_liq_generation': 3.2, 'liq_move_away_atr': 5.0}]",{'hold_bars': 2},0,100000.0,0.0,0.0,,,,,False
493,493,"[{'max_rr': 10.0, 'min_rr': 1.0, 'atr_dist_for_liq_generation': 3.2, 'liq_move_away_atr': 5.0}]",{'hold_bars': 3},0,100000.0,0.0,0.0,,,,,False
494,494,"[{'max_rr': 10.0, 'min_rr': 1.0, 'atr_dist_for_liq_generation': 3.2, 'liq_move_away_atr': 5.0}]",{'hold_bars': 4},0,100000.0,0.0,0.0,,,,,False
495,495,"[{'max_rr': 10.0, 'min_rr': 1.0, 'atr_dist_for_liq_generation': 3.2, 'liq_move_away_atr': 5.0}]",{'hold_bars': 5},0,100000.0,0.0,0.0,,,,,False
496,496,"[{'max_rr': 10.0, 'min_rr': 1.0, 'atr_dist_for_liq_generation': 3.2, 'liq_move_away_atr': 5.5}]",{'hold_bars': 1},0,100000.0,0.0,0.0,,,,,False
497,497,"[{'max_rr': 10.0, 'min_rr': 1.0, 'atr_dist_for_liq_generation': 3.2, 'liq_move_away_atr': 5.5}]",{'hold_bars': 2},0,100000.0,0.0,0.0,,,,,False
498,498,"[{'max_rr': 10.0, 'min_rr': 1.0, 'atr_dist_for_liq_generation': 3.2, 'liq_move_away_atr': 5.5}]",{'hold_bars': 3},0,100000.0,0.0,0.0,,,,,False
499,499,"[{'max_rr': 10.0, 'min_rr': 1.0, 'atr_dist_for_liq_generation': 3.2, 'liq_move_away_atr': 5.5}]",{'hold_bars': 4},0,100000.0,0.0,0.0,,,,,False
500,500,"[{'max_rr': 10.0, 'min_rr': 1.0, 'atr_dist_for_liq_generation': 3.2, 'liq_move_away_atr': 5.5}]",{'hold_bars': 5},0,100000.0,0.0,0.0,,,,,False
